customer_id,age,monthly_charges,total_charges,contract_length_months,internet_service,online_security,tech_support,num_complaints,customer_service_calls,account_age_months,payment_method,paperless_billing,service_quality_score,avg_response_time_hours,churn,lifetime_value,subscription_score
1,56,84.04035221907304,4796.363047970767,12,Fiber optic,No,No,3,9,41,Bank transfer,No,5.043339027377552,0.27345811543891585,0,3272.965519739479,76.25155803925585
2,69,62.73770933737607,4024.458184987438,12,No,No,No,1,7,47,Electronic check,Yes,6.875320301328188,5.91061481673692,1,2103.9466097634727,132.891972330261
3,46,102.34211106117435,7903.5056096976095,12,DSL,No,No,1,9,54,Electronic check,Yes,8.705315352576585,1.696715589079836,0,5694.437606695424,182.1847738472012
4,32,51.2189304411651,1177.8740451981917,12,Fiber optic,No,Yes,0,8,55,Check,Yes,3.5841865346842896,0.7293078430343476,1,2032.124364631195,66.58482458355172
5,60,29.86223265412631,5591.6419769759905,1,DSL,No,No,2,0,19,Check,No,2.653555063072936,1.3684724954741265,1,686.4390361291086,92.3877010613093
6,25,36.7543638483844,3294.1182680239076,12,DSL,Yes,No,4,6,62,Check,Yes,4.409627183654995,1.39282424506656,1,1514.1302195796275,36.392178842244874
7,38,36.64595906451042,3482.7769579123565,1,Fiber optic,No,No,0,7,59,Credit card,Yes,9.049447687346701,0.04712501565604519,1,1499.3549472999784,126.97731901691797
8,56,39.747350156598266,5769.022348699592,24,Fiber optic,No,No,4,2,65,Credit card,Yes,1.0887465550342552,0.8784363302253978,0,2630.815852479987,26.903010958291237
9,36,38.04753244442332,5570.24559546252,24,No,No,No,1,3,68,Credit card,Yes,7.100817544519709,2.6931152510498593,0,2753.7430340680257,122.99776711883464
10,40,103.3137168244179,7930.922350247288,24,Fiber optic,Yes,No,4,2,28,Check,Yes,5.294440417704234,1.4269821995752352,1,1986.05690351823,88.87533665643699
11,28,43.64441097188883,1114.3148866875895,12,DSL,No,Yes,2,6,18,Bank transfer,Yes,2.4494159346461206,0.560036673433442,0,971.0862262806806,55.077429148325244
12,28,64.93674683210222,922.4662301349141,12,DSL,Yes,No,0,8,26,Electronic check,Yes,3.8891937364702,0.8162669100737714,0,2009.280359245647,168.48008139435004
13,41,136.58249328778152,5822.276655317055,1,DSL,No,No,2,2,19,Credit card,Yes,3.024550394893305,3.976342924069464,0,2491.4531419875148,2.9763840747513512
14,70,81.6150132341734,4669.256644350632,24,DSL,No,No,2,5,55,Bank transfer,No,8.9004895110111,1.4911966906740877,0,4455.893851937557,178.90159736255305
15,53,106.78250600773353,2265.8692658224663,1,Fiber optic,No,No,0,7,57,Check,No,5.336860455504912,1.5030451883280973,1,4454.173908063798,103.26970034693738
16,57,42.40158325621188,727.4130150129942,12,DSL,Yes,No,2,5,6,Credit card,Yes,6.067848500852435,6.512504350461862,0,639.9151743646865,94.10114217668671
17,41,44.997572445127204,776.7001718118013,1,Fiber optic,No,No,3,1,1,Check,Yes,6.343188574033186,0.7739189932547034,1,158.69015778781315,102.26473467408331
18,20,25.312920114642253,7164.107909846534,1,DSL,Yes,No,3,6,8,Bank transfer,No,6.756554121421205,1.3060888096389613,1,0.0,126.33453513416816
19,39,41.961558199381386,1615.7518652780689,12,Fiber optic,Yes,Yes,3,1,51,Credit card,No,5.46000121338337,3.3395821179904153,0,2179.6739221130742,51.66543175860314
20,70,56.21674407415462,2654.635340712614,1,DSL,No,No,4,1,25,Credit card,Yes,1.1608617775268424,2.8451885985248015,0,1597.4572722069638,13.443932859239801
21,19,43.011362955977084,1890.5855775932052,24,Fiber optic,No,Yes,2,1,47,Credit card,No,4.012504182231867,0.6179460411422661,0,1859.0203454563484,124.1280170527373
22,41,31.53132938841723,2904.470816072305,12,Fiber optic,No,No,0,0,55,Credit card,Yes,2.654859166488921,0.327606678834519,0,1518.547075695086,36.32993186314849
23,61,35.6826632430781,648.4483576941376,1,Fiber optic,No,Yes,0,0,64,Bank transfer,Yes,7.121285586205092,2.4126483077481553,0,2214.693844245741,155.2619531451281
24,47,79.90123984425435,4200.572348175336,12,Fiber optic,No,No,4,6,10,Credit card,Yes,1.51034186233042,0.5958855391278591,0,930.939108130262,0.0
25,55,46.82338339275303,634.1392523784978,1,No,No,No,0,4,56,Electronic check,No,6.074230520004798,5.11949735059711,0,2348.266620825759,86.18238543729447
26,19,67.3550819362498,6422.816411796656,1,Fiber optic,Yes,No,3,2,12,Electronic check,Yes,2.8956855004687085,0.27679544287091506,0,669.6452257006831,0.0
27,38,85.44424521113139,1946.325447092421,24,No,No,No,2,0,33,Check,No,9.53961254620355,0.7663757965157513,0,2874.392068996804,184.93200312308016
28,50,109.75132772181749,4366.094125375634,1,No,No,No,0,9,71,Credit card,Yes,4.01986847967882,0.11269048259680535,1,5672.744738504092,113.1002427979131
29,29,25.110578179342863,7052.62479173552,24,DSL,Yes,Yes,0,5,17,Electronic check,Yes,3.926990722371708,2.4301032762782966,0,484.9219776679157,82.80186564155886
30,39,123.92335185817555,5241.931215472834,1,Fiber optic,Yes,No,1,0,61,Electronic check,Yes,9.310462011916513,4.4376398552876495,0,7634.261420135246,151.25580061180366
31,61,101.62705063381802,4310.366513755549,1,Fiber optic,No,No,1,8,10,Electronic check,No,4.756131282737272,2.020513531215932,1,912.3736982466783,44.40493454918425
32,42,30.628674153353348,2662.2366496114673,24,DSL,Yes,Yes,1,1,31,Bank transfer,Yes,9.66576100767168,5.553290373524426,0,1268.9404608492162,132.5167958893485
33,66,133.56522113388104,2730.715113159764,12,Fiber optic,Yes,No,2,0,60,Credit card,Yes,1.2175331692015314,0.2750879583029659,0,8311.015645405956,69.82294855770935
34,44,139.7134120691357,5388.946946065702,1,Fiber optic,Yes,No,3,6,70,Bank transfer,Yes,3.757101176819317,0.18364717007007658,0,9371.666525625902,70.25433316884514
35,59,27.940134781132286,7953.700953647223,12,DSL,No,No,3,5,17,Bank transfer,No,6.995736642397881,3.6454198359498187,1,352.09918638904963,115.56907373793018
36,45,55.99409425913648,5328.529599810091,1,No,No,Yes,3,5,50,Electronic check,Yes,9.017712680748748,3.869106225470688,1,2142.2964719533943,21.84908074604698
37,33,124.80616637309797,4506.488997223197,24,DSL,Yes,No,2,4,37,Electronic check,Yes,3.307650337074555,3.5561809592460696,0,4957.785502008873,104.22000065783705
38,32,117.27375974987558,5872.1390308900445,12,Fiber optic,No,Yes,2,3,62,Check,Yes,9.374298327673014,3.2085515438127694,0,7399.1704267293335,49.719575561715146
39,64,43.987732516329054,3775.1243370413736,24,DSL,No,Yes,1,3,29,Credit card,No,6.3470931984926935,0.8995499938401824,0,1103.8069834014523,148.3534195175207
40,68,47.21541203377234,575.1245065462032,24,Fiber optic,No,No,0,2,32,Credit card,No,8.209074188781244,0.49042580453498497,0,1365.4906113933325,149.00704578782717
41,61,68.16137336287966,4542.144845435488,12,Fiber optic,Yes,No,4,9,11,Electronic check,No,4.574865738762075,5.2846378456025755,0,609.9687548057931,104.17191823072918
42,72,82.98798807483277,7665.239747592504,24,No,No,No,4,7,6,Electronic check,Yes,2.90962344310186,0.7334510872853568,0,559.4317046991184,8.553333076269467
43,69,100.37312029893847,1484.8932446255112,12,Fiber optic,No,Yes,0,6,35,Credit card,Yes,9.201118739029239,1.0163505519652265,0,3417.094800137956,194.6509504359196
44,74,67.95877314407042,5551.03863748326,24,Fiber optic,No,No,1,8,33,Check,No,9.398222815655968,2.4050074975108853,0,1633.7070807397004,77.81612127730659
45,20,80.12951309730923,1687.3761404065463,1,Fiber optic,Yes,No,0,0,18,Electronic check,Yes,5.478176297387219,0.6944567783459843,0,1206.6734329658784,149.11980375875135
46,54,117.17122195738835,4333.038707337342,12,No,No,No,0,6,37,Check,Yes,1.0584551439933085,3.4199559255744165,0,4246.485388119543,0.0
47,68,24.768816375777725,863.743952209085,12,DSL,No,No,4,9,13,Bank transfer,Yes,1.9880465830336402,0.14521584647894217,0,49.49811490080168,73.05752072445816
48,24,52.816802764722695,3657.9303964396627,12,DSL,No,Yes,1,3,64,Electronic check,No,6.1572516420854955,3.132590831658895,0,3137.5694873240923,200.0
49,38,112.73544616499181,6073.690298272444,12,DSL,Yes,No,2,6,1,Bank transfer,Yes,1.213990320716976,1.8418595643850744,0,522.9295722631308,26.80081144204823
50,26,136.3768888993359,2845.8150414879583,24,Fiber optic,Yes,No,4,0,63,Electronic check,Yes,4.572207315880258,1.7019127617688332,1,6012.496421627833,82.70918687610781
51,56,86.5180674750366,5352.802623449023,1,DSL,No,Yes,2,4,34,Bank transfer,No,3.7303295101481133,1.226370327564872,1,1981.9070640301723,110.03453232094493
52,35,89.17475308449103,6384.0546902388605,1,Fiber optic,No,Yes,1,2,10,Electronic check,Yes,7.429134478619842,0.6488182484220054,0,1025.2162163899845,60.92032597132825
53,21,33.93236147417089,7424.704773887676,24,Fiber optic,Yes,Yes,0,4,7,Check,Yes,1.5002080565314175,1.2475045120909072,0,466.7404148492732,62.54632961273913
54,42,78.16360768704911,1953.672446658083,12,DSL,No,Yes,3,3,56,Check,No,5.398581420795587,1.1957776842666767,1,3512.136554223342,48.63816043449037
55,31,89.240244639153,3254.5957348935344,24,No,Yes,No,3,1,37,Check,No,6.212028428880448,1.7529586017612553,0,3642.963655254683,200.0
56,67,51.52116547251485,1304.0865053102978,24,Fiber optic,No,No,1,3,29,Bank transfer,No,6.555619684473559,0.661385938007561,0,1581.0755646279317,180.7350756938065
57,26,55.00162002341953,7940.6196670511645,24,Fiber optic,No,Yes,3,2,12,Check,No,4.646419048152468,0.1615430406676057,0,353.4578602123932,75.31720913941464
58,43,69.04694120360094,7423.307646601933,24,Fiber optic,No,Yes,2,0,17,Bank transfer,Yes,3.7393100508659587,0.31351686294043146,0,973.301524179818,138.86651760862807
59,70,22.609255711104428,4365.661329216421,1,Fiber optic,No,No,3,9,48,Electronic check,No,7.142437303634339,2.4024693226704246,1,679.299302558146,95.70197431451065
60,19,61.87029152581318,6752.063025573728,1,No,Yes,No,1,7,26,Bank transfer,Yes,8.628121432922455,0.0454982804664799,1,1227.3519467836795,162.67683515986707
61,37,47.488240909550804,4215.568020449134,24,DSL,No,No,1,4,12,Electronic check,No,7.242558740045909,3.8820468422028434,0,588.7221951702959,78.26476185800104
62,45,62.574655783128904,5026.326935221801,12,DSL,Yes,No,2,3,21,Credit card,No,9.388921289114995,2.370938953141317,0,1019.4624237300172,200.0
63,64,35.569077136502656,804.0830137165312,1,DSL,No,No,3,9,42,Credit card,No,7.455371728221344,2.9227819995685094,1,715.3806622790746,49.255954262253695
64,24,135.76854649618633,6066.636321924782,12,Fiber optic,No,Yes,3,4,61,Credit card,No,7.881568606122565,3.615588066105108,0,8333.682946984114,70.25394757805888
65,61,97.16701896202633,1108.936520718355,24,DSL,No,Yes,0,3,58,Bank transfer,No,2.5111287694187996,0.2618363490934028,0,5659.695209867412,140.6003892442229
66,25,108.28330148878365,6625.934278994974,12,DSL,Yes,No,4,2,54,Credit card,Yes,4.7758568007404065,3.4570183283825666,0,5805.322906872015,89.49489199309654
67,64,122.59226101895398,6278.021892596049,12,DSL,No,No,1,4,34,Credit card,No,5.3654979786036865,1.4049508580355794,0,4264.722085452454,117.08182063235992
68,52,84.79748586077744,5699.083112169514,12,No,Yes,No,0,3,7,Credit card,Yes,3.3066384606514685,4.334777352764165,0,842.9448932043609,159.43311186221376
69,31,31.29963745136508,385.6670061456207,1,DSL,Yes,No,1,0,35,Electronic check,Yes,5.756858743206591,4.353431476468092,1,828.8549048916092,73.00210800797336
70,34,89.8238504364112,2494.714011968096,12,Fiber optic,No,No,0,2,15,Check,Yes,3.6171274979966275,0.04895026217842429,0,1159.0276855866487,200.0
71,53,96.28934534271428,2178.5893022956584,12,No,No,Yes,4,9,65,Bank transfer,Yes,7.187518835239744,0.9653356550589399,0,6641.8513744104175,45.46738977962998
72,67,116.9071316439629,2945.077619025001,1,Fiber optic,No,No,0,9,25,Credit card,No,5.2325962903285825,1.4947793058027403,1,2010.6131072446829,110.44021346498567
73,57,76.11574100985831,792.3776994343244,24,Fiber optic,No,Yes,1,7,59,Electronic check,No,5.12926258842132,2.268645300886398,0,4500.828246167145,198.02543879700102
74,21,36.58543936342329,7501.966801945396,12,Fiber optic,Yes,Yes,3,6,6,Check,Yes,9.852782779295305,0.6742664007348382,0,88.78102851528035,80.35026022652244
75,19,56.89086775383418,4475.037701627773,24,Fiber optic,No,No,1,1,52,Check,Yes,4.532003636883134,0.5810850143000985,0,2743.4424134667206,169.4081542211991
76,23,67.20069853182255,2513.642054198386,24,DSL,No,No,2,0,21,Check,Yes,4.260658893306115,0.9601587400205965,1,789.2513977034455,93.36917473656652
77,71,103.96924137310816,3236.153984886839,1,DSL,Yes,No,2,2,71,Electronic check,No,3.8674393415438897,1.390052657105806,1,4924.712446829763,52.84778628264785
78,59,94.20117960695855,3632.9000699882017,12,No,No,No,2,4,32,Credit card,Yes,9.052742988782184,6.037847514426704,0,2412.4495313778903,111.23498429198402
79,21,66.29257436672,4844.695233548877,12,DSL,No,Yes,2,9,53,Check,No,5.470514434883604,2.8718809032380266,0,3482.254496331473,115.0781253176786
80,71,148.24698234308735,4173.867478802333,24,DSL,No,Yes,4,0,59,Electronic check,No,6.4001302973257195,1.1218573831146241,0,8967.041729341307,141.91435886649253
81,46,98.75072651639533,7363.196588393897,1,Fiber optic,No,No,3,2,69,Electronic check,Yes,2.627366311021555,0.11179973133789572,0,6616.937642945938,81.29922648406415
82,35,50.83948292567928,4026.011514956059,12,Fiber optic,No,No,3,2,62,Bank transfer,No,5.868481240044342,0.3690974914228947,0,3663.9455192826604,16.050667326095365
83,43,33.231721440652485,7938.048317104171,12,DSL,No,No,1,4,4,Electronic check,No,3.4718337358163947,1.2173342317841536,0,410.20244721873144,132.55125236962243
84,61,39.871688093963165,6826.257166186257,1,DSL,No,No,0,2,18,Check,No,7.575732291365897,3.362146044177383,1,498.7385030897915,147.49926660013062
85,51,51.97450468998606,1747.233063422953,1,No,Yes,No,1,8,56,Check,Yes,8.49275513913144,0.9583165248097645,0,2688.3558982969626,73.81790277161204
86,27,40.88857852374224,7451.7021956869385,12,Fiber optic,No,No,1,0,24,Electronic check,Yes,7.433296229181498,1.5465319354835003,0,661.906308313889,161.78605085092533
87,53,44.25371312666975,1019.2945432952612,24,Fiber optic,No,Yes,1,3,66,Check,No,7.572197496432316,4.447638142984763,0,2898.0083313223827,193.2695559038144
88,31,57.06237193020012,6557.852697080413,12,DSL,No,No,1,9,13,Electronic check,Yes,5.6122723370756535,4.902083416262705,0,755.4349644623614,103.23412609646495
89,48,42.53856738831813,3106.9240184649825,12,Fiber optic,No,No,3,9,62,Check,No,7.409062507007217,0.48611861094684145,0,2596.5137552504357,133.4391346455208
90,65,136.57950520143527,7035.997131516049,12,Fiber optic,No,Yes,0,3,54,Bank transfer,Yes,4.804182419573443,0.08914746740253504,0,7589.1579049360325,152.55326107861728
91,32,30.430386936013488,6957.6478518488575,24,DSL,No,No,1,0,15,Credit card,Yes,6.863402381766517,0.7288685999799354,1,618.9354820761857,163.67243379546593
92,25,88.18648064413311,6466.810660929207,1,Fiber optic,Yes,No,3,1,69,Bank transfer,Yes,3.331352891084632,2.3801550174762007,0,6179.40194275589,63.376475576045245
93,31,73.351587508656,6341.240446825785,24,DSL,No,No,1,0,3,Bank transfer,Yes,1.6278131108080913,6.03645484470179,1,259.3315284190878,138.95733182783178
94,40,147.70922019811883,2506.9651988745222,1,Fiber optic,No,Yes,2,5,37,Credit card,Yes,4.7212593770977165,0.1603214292377444,0,5402.130094891937,138.4790172882967
95,74,34.565057281846805,739.2623361048923,12,Fiber optic,Yes,No,1,2,37,Check,Yes,5.156003402024409,0.05779469183554012,0,1277.9235044150066,159.88141922688396
96,57,71.72122787594641,3283.5434122447755,1,Fiber optic,No,Yes,1,6,3,Credit card,Yes,3.30766442369821,4.310869942599305,0,297.49037430930923,77.77197855339821
97,38,146.03115632579795,1470.8436683934185,1,No,No,No,4,4,63,Electronic check,No,7.549385665665139,2.7578056447707473,0,9136.615215972044,137.6490737997515
98,33,132.51592636621743,5590.1136023294475,12,Fiber optic,No,Yes,2,8,35,Credit card,No,1.6619543107865127,9.719758235312336,0,4770.2268569775,78.61135972676772
99,62,126.21936922340639,2834.187839648506,1,DSL,Yes,Yes,0,6,52,Bank transfer,Yes,3.004734919412697,1.0109893221485877,0,6352.172056569575,57.42160628394838
100,35,53.52736751584218,7807.3205867933275,24,Fiber optic,Yes,No,1,3,28,Credit card,Yes,7.737082466082642,1.0758829325663997,0,1352.3258333836159,118.82204551466378
101,64,42.21538636070856,5163.679411028123,1,DSL,No,No,0,4,18,Check,Yes,4.934118463660111,0.37823762125538224,0,550.4943352239969,100.95249899779931
102,70,106.92361859017603,6597.596452711451,12,Fiber optic,Yes,Yes,2,4,36,Bank transfer,Yes,7.347552616353812,0.24625065397813248,0,3715.525846451244,17.38557695525401
103,41,140.81887858658615,1146.9449146606025,12,DSL,No,Yes,1,4,33,Electronic check,Yes,6.107372900052367,1.728905721894288,0,4589.566148299342,172.02963570933596
104,43,92.37917609181088,6909.914409953718,1,DSL,No,No,4,9,64,Check,Yes,9.556414749976263,0.906009862638206,1,4344.4053162505925,200.0
105,42,94.30964963108698,7389.781805055815,1,No,Yes,No,3,8,26,Bank transfer,Yes,6.380162494505496,0.16745126653301923,1,1724.7220596771815,142.45869505009077
106,62,56.39728217583694,3947.7891586695937,12,Fiber optic,Yes,No,4,9,48,Electronic check,No,1.1338207691096773,4.36050607563825,1,1638.087134751104,30.213532383838597
107,58,120.03408131495179,4889.398208232722,12,Fiber optic,No,Yes,4,2,40,Check,Yes,4.175896154539005,0.4421824880997539,0,4520.971159150027,41.61623270485831
108,46,44.31568731247803,6141.997427133664,12,Fiber optic,No,No,3,5,17,Electronic check,No,2.287546139842369,2.7612954429058885,0,670.1671785286079,12.046181957282343
109,32,62.078300732551675,1481.2251553572592,12,No,No,Yes,3,7,40,Credit card,Yes,9.321703098379329,0.6632082792436976,0,2650.012235297647,116.1058937279726
110,62,75.30673702013418,4070.2720040611953,12,DSL,No,Yes,3,8,7,Credit card,No,1.9361120885657228,3.352275730262155,0,807.7425480998672,94.9042223715242
111,18,85.98934922897915,3249.4379194012736,1,DSL,Yes,No,1,6,57,Electronic check,Yes,4.489359968179787,0.2520265156345608,0,4583.239906664573,69.1857571350258
112,42,51.51326521396043,1256.354538081768,12,Fiber optic,No,No,0,2,8,Credit card,Yes,3.0348927426402295,2.8217611625587193,0,486.5766146056952,200.0
113,24,34.92878721609646,3003.521936103098,24,Fiber optic,No,No,0,0,56,Electronic check,Yes,8.620497913570599,0.20654511370233417,0,1875.6375918062167,99.76432667280305
114,26,99.38060551741223,638.5612441453992,12,Fiber optic,No,No,3,3,31,Check,Yes,3.777098478300253,1.184490013394484,1,2091.714982743142,87.44169806906203
115,41,57.52197192123325,303.9140649009472,12,No,No,No,4,5,59,Bank transfer,Yes,9.927041348283804,2.648550651943608,0,3180.9479675708567,107.93104821321532
116,18,95.56096878493959,1167.8136843230998,12,DSL,No,No,2,2,58,Electronic check,Yes,1.3475494505102579,0.3804293662852507,0,5498.523540035914,75.11171662463653
117,61,40.0671529856463,7708.609381554474,24,No,Yes,No,3,0,12,Bank transfer,No,2.154490952163093,0.6728064467761861,0,258.9699438503633,43.79318250545039
118,25,82.54821324112626,4441.283333570634,24,Fiber optic,No,Yes,4,5,48,Bank transfer,Yes,3.021748987861982,4.001512007682038,0,3909.14405087719,53.29731158775334
119,41,89.23662623170617,7729.995073110437,12,DSL,Yes,Yes,4,0,31,Electronic check,No,8.299954361801435,4.327722524760914,0,2995.9869816997993,83.91107780678448
120,28,26.7370597869155,3516.7332388080426,24,DSL,Yes,No,1,8,63,Credit card,Yes,8.906654881576141,0.09195270346141424,0,1810.6822705735499,196.64770916323624
121,68,63.758556165209676,2563.3474513735505,1,Fiber optic,No,No,1,0,39,Check,No,1.6430624254848012,0.36806344142918157,1,2123.3589054480194,179.18320357432566
122,34,37.47390800206665,4098.520716437928,1,No,No,Yes,0,5,20,Bank transfer,Yes,1.2921412758604878,0.24992938991070582,1,629.9061579693326,75.90996773773175
123,25,28.238746161459808,3572.14234019999,24,No,No,No,0,0,48,Check,Yes,7.701011713941214,0.3961534678634029,0,1390.3634296494324,79.35955988278
124,52,148.69483021069288,934.7510056677769,24,No,No,Yes,2,6,71,Bank transfer,Yes,2.2001680607825214,7.025670068524017,0,10667.912066461671,85.48370067240435
125,52,61.90599984671399,5162.52788605263,1,DSL,No,No,2,2,54,Electronic check,Yes,2.1969872836717528,1.604385617113428,0,3187.764357839494,95.65561877005992
126,50,125.28367796110253,1806.701641825837,1,Fiber optic,Yes,Yes,2,5,71,Credit card,Yes,1.2012988104498634,1.2626461444254105,1,5809.393124914646,69.87100592782159
127,22,53.1032851192893,4994.7448436928535,1,Fiber optic,No,No,2,6,29,Check,Yes,1.4482708982507968,8.329625011236441,0,1699.229498752204,90.23380323689804
128,59,108.59535388911081,5236.588629945411,1,No,No,No,4,0,48,Bank transfer,No,3.3730791273594023,1.62817296836075,1,3289.7380737267094,136.06102358106878
129,56,118.82962178565926,1300.99633971632,24,Fiber optic,No,Yes,4,0,56,Electronic check,No,1.5850494046972567,2.1642062007955496,1,4882.441385057359,94.32900425428079
130,58,97.43303627901976,584.6620541742784,12,DSL,No,No,0,4,17,Electronic check,Yes,4.31991182493348,0.8092425666044939,0,1806.5243654116991,149.13106059631707
131,45,81.30490451152059,6268.016529940674,12,DSL,Yes,No,1,5,9,Bank transfer,No,8.494975281046141,0.9629054074032029,0,561.8399114615974,175.65557948374058
132,24,73.53931883914491,3732.4233477776293,12,DSL,No,No,1,8,34,Bank transfer,No,3.9368823158943336,1.8048219251934874,0,2413.1189079064748,105.06884947704378
133,26,65.3528746505894,559.4939844932587,1,No,No,No,3,0,45,Bank transfer,No,7.550507463214345,0.14468075914904824,1,2056.307830268739,68.13201253810041
134,25,140.83878875221734,7959.44390564116,1,Fiber optic,Yes,No,4,3,9,Credit card,Yes,1.845189683479271,0.5911136906135039,0,1083.1148352858886,118.28433822412342
135,29,127.98052301240479,556.4664318712964,12,Fiber optic,No,Yes,2,9,7,Bank transfer,Yes,6.934376686775436,0.4383323169276049,0,1003.9676989566277,103.60419193636334
136,51,145.45349838664663,5590.77830798257,24,Fiber optic,No,No,2,7,16,Bank transfer,Yes,3.850724649316915,0.03204209498679243,1,1754.8131382468807,32.508833933514914
137,50,36.158639053120815,7871.063509580968,24,DSL,No,Yes,3,9,19,Credit card,No,7.747775908273343,1.539630018022452,0,398.42185397994797,33.58326649059997
138,65,115.01277177647376,1989.5228233058124,1,Fiber optic,No,Yes,1,8,6,Electronic check,Yes,2.2262681265074367,1.6467524730627063,1,318.431840038087,32.92018568705919
139,72,141.98425938673492,1223.7700126288498,24,Fiber optic,Yes,Yes,2,2,11,Bank transfer,Yes,9.080950399880336,0.9688193128300522,1,1085.917428083253,75.01232717261598
140,40,43.56029860153582,1058.9410214371883,24,No,Yes,No,1,1,61,Check,Yes,3.1831948260814293,0.6259381398447987,0,2885.294280887763,140.90977994217923
141,41,28.644514757681073,2495.873665784005,24,No,Yes,No,3,3,42,Electronic check,Yes,4.178240139530589,2.1114497429341266,0,1333.5266189522108,70.67033964578576
142,54,116.34568440770768,898.2619069841088,12,Fiber optic,No,Yes,1,1,13,Check,No,9.551626397362375,0.2892636331587058,1,592.5620678049424,197.21324838103442
143,52,94.68150471338855,5568.074599383642,12,Fiber optic,Yes,Yes,1,0,12,Bank transfer,Yes,6.20634123757773,1.4621759579103655,0,1077.779221017497,193.12441089646575
144,61,129.43774097857536,592.1052052274953,12,No,Yes,No,1,2,20,Credit card,No,4.291943670667198,2.92267372506551,1,1906.6630971007435,158.87464521264405
145,57,38.170408961417635,4124.434812383339,1,Fiber optic,No,Yes,2,6,50,Credit card,No,9.546419323302684,0.3589663391437113,0,1748.5284845802908,160.07252488855474
146,39,123.38475054178572,7973.905145438516,1,Fiber optic,No,Yes,0,0,36,Credit card,Yes,3.961696752010288,2.7988365166780436,0,4266.368548424588,146.0700300237434
147,44,46.21155160620679,6530.365129097549,1,Fiber optic,No,Yes,4,1,69,Bank transfer,Yes,1.853836414076618,2.860864604249601,1,2082.6270059821272,42.31253814671004
148,52,41.27527257254158,4960.233562024986,12,DSL,Yes,No,1,0,37,Bank transfer,No,9.97163999073478,0.12359474593035492,0,1465.589660165815,158.59081356418253
149,18,41.354553731029085,2519.403604214232,24,Fiber optic,Yes,No,1,7,12,Check,Yes,3.4106042850302245,0.03792598499415808,1,151.55956720536017,120.50300873255067
150,52,125.89471363007968,5028.777106703944,12,No,Yes,No,1,4,40,Credit card,Yes,8.661320638296466,7.294354873747938,0,5167.774619148664,94.22479551799083
151,54,106.47563869050602,4263.627564902048,1,DSL,No,No,0,7,54,Bank transfer,Yes,2.4898671534077854,0.429811797016355,0,5577.544195464927,96.22469966289307
152,64,87.99850521998552,3466.058732733935,24,DSL,No,No,3,2,2,Electronic check,Yes,7.582185745996402,3.4535082165304667,1,0.0,72.51537639158923
153,31,66.64796293605532,1132.6119762475757,24,Fiber optic,No,No,2,6,50,Bank transfer,Yes,5.720044550250268,1.6503909038839155,1,2252.9403227561506,156.40946033077523
154,20,134.03607030570407,7104.173300399687,24,DSL,Yes,No,0,7,41,Bank transfer,Yes,9.828159024611166,0.6143337690137814,0,5791.262193343384,193.478138542527
155,18,71.01786396494259,3653.298725688448,24,DSL,No,No,1,5,45,Electronic check,Yes,5.975473204831595,0.27845617402585743,0,3300.8598521205736,200.0
156,22,126.15792713130502,1637.517843384044,12,DSL,Yes,Yes,0,6,9,Credit card,Yes,1.2251363670176871,1.373047422793112,0,1253.1941110718926,53.91602807413941
157,43,77.08753811412839,3005.298871930588,24,DSL,No,Yes,0,1,62,Electronic check,No,6.434901906616791,1.0463187846555395,0,4836.677617336115,115.95552458383585
158,72,69.00277582523799,3371.6250449785234,1,DSL,No,No,0,7,47,Credit card,Yes,2.3078481070296344,2.400533262137258,0,3053.7342748795895,100.3378398684515
159,31,80.14837213704884,6637.549374978307,12,No,No,No,3,4,5,Electronic check,No,8.186868237538786,4.690328710120791,0,272.7287039651395,72.22202127206134
160,56,59.17912364133847,5895.553606435076,1,No,Yes,No,4,6,1,Check,Yes,8.709113768409091,3.2720575424839633,0,0.0,118.55390032325218
161,44,117.18921942291264,6177.508659766584,1,DSL,Yes,No,2,0,44,Credit card,No,5.338841669152429,0.6416562335481601,0,5374.637654985216,110.16307701460791
162,26,85.35365071202229,187.14698898631298,1,Fiber optic,No,No,3,4,22,Bank transfer,Yes,8.048993113470686,4.2228259440327856,0,1936.8476619210455,82.96540982278125
163,32,50.18765036908625,3387.616585620116,12,Fiber optic,Yes,Yes,3,0,38,Check,No,2.3059966193344463,3.584214828763149,0,1573.6695734862033,127.82820118539615
164,32,136.9446945256939,3902.6187979190568,24,Fiber optic,Yes,No,4,7,19,Credit card,Yes,5.428703678820814,5.293992059960505,1,2111.8950528686673,0.0
165,43,69.90585877851748,251.6189869021478,12,DSL,Yes,No,3,3,31,Credit card,No,4.5454983822152615,1.2274184968235635,1,1450.5668492715774,109.46964589966797
166,59,90.66187194481851,2152.52434908577,1,DSL,Yes,No,0,3,67,Credit card,Yes,6.501856483477733,2.927000354039037,1,4382.717397116033,115.45822847433686
167,30,137.8413744253911,6106.289602664867,24,DSL,No,No,0,1,42,Electronic check,Yes,1.4002946992284397,1.791300761739197,0,5999.80531387571,149.0401812900114
168,68,101.15093946881898,1183.1666752590925,12,No,No,No,1,4,26,Credit card,Yes,7.769105544237647,0.7435851477034424,0,2117.5106894979326,187.96562975716603
169,49,35.19674529208733,4328.950038475474,12,No,Yes,Yes,3,0,13,Bank transfer,No,1.7121636052721532,10.381080461934335,0,548.4772302531243,0.0
170,56,142.17817606975177,1800.0947889361762,12,No,No,No,1,8,58,Credit card,No,6.908243657771484,0.0781209830054066,0,8195.818999037063,105.6848303244608
171,66,101.60204689928432,195.75411968675684,1,Fiber optic,No,Yes,2,4,18,Bank transfer,Yes,1.166115029859498,0.35412499398799774,0,1344.4584447307823,70.23850163820626
172,69,63.537729905421195,2005.4915150363777,12,DSL,No,No,0,5,67,Bank transfer,No,8.486992573810566,4.461317158289141,0,4030.5224851580797,35.00415343049589
173,49,38.105369446240346,7809.402663789425,24,Fiber optic,No,No,2,1,3,Bank transfer,No,2.5722966720140317,0.12494870528019056,0,23.394400011734717,98.96591473658602
174,21,123.22327460513847,6432.143183875618,1,Fiber optic,No,No,4,9,55,Check,No,5.639477283792914,4.35756340717537,1,4913.2263476512535,31.71317289762341
175,47,100.60945827070675,7680.655490136164,12,Fiber optic,Yes,No,0,9,58,Bank transfer,No,3.3534361335485743,2.512087019590666,1,4049.4964157882882,39.54112325684276
176,54,89.3499419569218,3954.0469470182634,24,Fiber optic,No,No,2,0,63,Electronic check,No,7.503824818549616,0.07474757077040552,0,5658.670606153894,97.50614434394654
177,40,136.2060357966245,966.9159695522777,24,DSL,No,No,4,3,52,Credit card,Yes,3.8921599017074913,1.1218534436574146,0,7011.488188856509,20.971597391001957
178,56,122.517637459189,4428.879962892174,1,No,No,No,2,6,24,Electronic check,No,7.521482742294855,2.8086842941206958,0,3158.0041538817004,83.6289962197432
179,62,39.717734365257655,3689.580943023691,1,Fiber optic,No,No,4,5,9,Check,Yes,3.5638408615192887,1.7498191536544168,0,461.66584061015874,62.76689643978145
180,32,60.52386881342127,6770.420953642966,1,DSL,No,No,4,9,37,Credit card,No,7.77225781842184,5.493726304094691,0,2271.954242453387,124.24038905059626
181,60,52.30358817588055,874.8523881955323,12,DSL,No,No,0,0,53,Bank transfer,Yes,1.2754494670321381,4.044520531317123,0,2543.4635730824175,106.31179824506295
182,46,116.71301803444801,3957.1049824720476,12,Fiber optic,Yes,Yes,1,0,24,Credit card,Yes,3.549802018364636,0.8088741794028486,0,2825.080315852961,168.5363196800165
183,53,24.35921651565132,1285.3844510824756,1,DSL,No,No,4,7,21,Check,Yes,5.48770155796251,0.1768477201925989,0,1067.9179079045266,10.603738269170748
184,30,94.08565903327114,2664.9398224314737,24,Fiber optic,No,No,4,3,40,Check,No,1.4055362372775293,5.774008296571447,0,3922.4798186307085,49.888753228252355
185,49,119.11962914628977,5925.120911363617,12,DSL,No,Yes,0,4,62,Electronic check,No,2.6743065523415077,1.4566650474782434,0,7237.548450343468,200.0
186,24,133.9795327790274,3860.5432220132557,1,DSL,Yes,Yes,1,6,70,Credit card,Yes,9.41083283477083,0.15462107304846306,0,9749.059272574597,62.75842451941881
187,68,64.47062733306797,3069.5174526515775,12,Fiber optic,No,Yes,3,7,69,Credit card,No,9.791508386621704,3.3919055166235563,1,2957.252575895725,30.894180646026726
188,39,126.76344960736166,3216.362600703279,12,Fiber optic,Yes,No,3,9,14,Credit card,No,7.657749526514371,4.057595270616042,0,1917.5491026452669,153.2605813787894
189,45,34.38212580417694,3729.6294704072943,1,DSL,Yes,No,1,6,42,Electronic check,No,3.2698004555522155,2.040108603194858,0,1434.8093176251784,104.18466024118172
190,19,130.03879792548736,6301.630696312749,1,No,No,No,2,1,50,Check,Yes,3.344657008923721,1.1866361464169686,1,4587.783744654503,63.68225398839978
191,59,36.57352610315772,7147.469042627852,24,Fiber optic,Yes,Yes,0,3,61,Bank transfer,No,6.812113220155656,2.170442770658979,0,2274.7510359245753,89.01322398597027
192,62,71.64734777284775,7647.144023381034,12,DSL,No,No,1,9,4,Credit card,Yes,2.058396549388316,2.4530074308067213,1,151.09888848165457,72.6677422522283
193,74,123.64839755134197,6316.536751416831,12,DSL,Yes,Yes,3,0,17,Electronic check,No,9.5347844238733,4.47041293166878,0,2024.1548168384816,137.95722990500542
194,70,39.489265555340594,2591.7144764093005,12,No,No,No,4,9,57,Electronic check,Yes,3.023316095591661,6.240853896167725,1,1312.2548787454568,44.11289306996929
195,23,49.80268138024339,5536.264178083683,1,No,Yes,No,3,8,48,Bank transfer,Yes,9.996720628828994,1.4444144558513217,0,2165.5249002095757,54.0013941543546
196,45,113.89283389109862,3557.064680037596,1,DSL,Yes,Yes,4,2,44,Check,No,5.461604157722144,3.2038775381258944,0,5078.077431063983,60.845387130344065
197,45,113.60474975098967,2111.897914163804,12,DSL,Yes,No,0,2,45,Credit card,Yes,7.942869900936428,6.6769836032009895,0,4975.670875563852,129.13881189023093
198,61,103.34919227508865,6742.885477464789,1,No,Yes,Yes,4,9,33,Credit card,Yes,1.0196568505500152,0.3279655022464102,0,3228.521367386945,53.47944937422557
199,61,110.213297780723,403.56815680236747,1,Fiber optic,Yes,No,1,8,31,Electronic check,No,8.998717642764777,0.03687380313227985,1,2957.0933419592925,78.96726978741478
200,37,90.5541776351875,7223.919737869845,24,Fiber optic,Yes,No,4,9,47,Check,Yes,3.430018403025224,4.064562901738396,1,3477.1015292525826,44.2415358832215
201,47,52.73387765790386,3745.6719705354,24,Fiber optic,No,No,2,2,6,Credit card,Yes,7.011430700932587,0.43450520725647723,0,432.56808487667945,200.0
202,28,64.94047915550954,5133.8916667854155,24,No,Yes,Yes,1,7,71,Bank transfer,Yes,8.257197527142306,0.08681476466351036,0,4755.076367658941,72.62105628419303
203,72,43.60770318418534,5308.895985425684,24,No,No,Yes,0,1,34,Check,Yes,2.4773296650310184,0.34893568657365603,0,1320.1785800496673,79.45548842499953
204,45,138.0985729733717,7171.430151581638,1,Fiber optic,No,No,1,2,53,Check,Yes,4.982585331963061,0.9693897541541078,1,4886.408869591172,114.16756000076465
205,42,95.84093331959566,5129.690489120938,24,DSL,No,Yes,2,1,14,Electronic check,Yes,5.44452346586731,0.49504078786132144,0,1273.7059012555776,0.0
206,56,72.11068417927319,4950.075319604488,1,DSL,No,No,0,0,16,Electronic check,No,3.809075188052841,0.7284168679588366,1,807.6989736627696,59.13122864843403
207,50,80.06075447373725,626.5511204294507,24,Fiber optic,No,No,3,1,43,Credit card,Yes,5.335802467560833,7.4014224631042405,0,3585.227954277959,110.22104724264966
208,18,143.146834149536,4195.423373367112,24,No,Yes,Yes,2,7,12,Electronic check,Yes,3.8579109188980425,2.437533691416775,1,836.3661066428007,71.07978131286
209,74,39.935682405090425,1286.335106454629,24,Fiber optic,Yes,Yes,0,8,70,Check,Yes,4.246729705496883,2.490921487279227,1,2386.29787142853,162.7091955211573
210,44,96.20987816218364,5925.726772899736,24,Fiber optic,No,No,4,1,19,Credit card,Yes,7.023980608324651,0.19894548692981437,0,1877.592628418596,81.28560294934846
211,74,85.76552825498058,4146.553174420129,12,DSL,Yes,No,1,6,41,Credit card,No,6.693339414744973,2.634270834856814,0,3206.2473183444954,104.23950715815383
212,69,99.48905060650422,5473.7994557459915,1,DSL,Yes,No,0,4,53,Check,No,3.090391532177727,2.689110052067104,0,5304.4146412144955,77.57959349934085
213,30,22.354323896709268,429.2159147588357,12,Fiber optic,Yes,No,1,2,29,Credit card,Yes,9.077345963158821,2.1561199931559334,0,467.78522038582366,134.47651379981997
214,58,133.37610816273968,769.8569267618454,12,DSL,Yes,No,4,8,70,Bank transfer,Yes,8.765096911042516,0.5186720779425521,0,9141.819552043127,25.541384378499494
215,20,141.1753767228696,5758.95476569519,1,DSL,Yes,Yes,0,5,59,Bank transfer,Yes,5.581749760209565,1.099951432977481,0,8116.8668492144125,122.28070293343715
216,56,93.46731386659717,669.4662543895196,12,Fiber optic,No,No,3,0,64,Credit card,No,4.899256684261753,3.745198899983799,0,5930.610895098385,45.63121277963244
217,23,110.564607103996,662.9281493455429,24,Fiber optic,Yes,No,2,4,24,Electronic check,Yes,4.391703846856979,2.218547618517711,1,2278.028537497968,32.59535971252127
218,25,139.92491955304843,195.65695435561085,1,DSL,No,Yes,0,6,16,Bank transfer,Yes,7.365411267997952,2.639282417283255,0,2257.3317805775964,108.95041826891338
219,44,111.94102246074182,7656.361046565893,24,Fiber optic,Yes,Yes,4,3,52,Credit card,Yes,7.044994514885234,1.7704292700198376,0,5959.711129144559,109.917597106013
220,26,39.83007557885398,5926.3160397261545,24,No,Yes,Yes,0,7,6,Bank transfer,No,2.765625462441808,1.1941712902307853,0,426.68330983941894,108.23777907743013
221,54,94.91748682168571,2890.686127166307,24,No,No,Yes,1,9,37,Electronic check,No,7.043122281703251,2.846348356377542,0,3482.995746690534,147.72530458133858
222,50,98.87295602977126,2442.631092172476,24,No,Yes,No,0,4,4,Check,No,3.2718807469183595,0.14068573828981742,0,163.28782043081745,68.01323919185839
223,68,75.13698726931018,2862.6555149922115,12,Fiber optic,No,No,3,8,38,Credit card,Yes,1.16702502871173,2.236573532966786,1,1678.8955246804185,39.67639361060623
224,59,115.73775063121397,6219.762896331336,24,No,No,Yes,0,8,41,Credit card,Yes,7.292878097836393,11.75949421165777,0,4667.7573391464075,200.0
225,61,141.46771191997192,5324.827827456274,24,DSL,Yes,No,2,8,14,Credit card,Yes,6.803142422146746,3.030001040141641,0,2209.3352295559966,170.30087597254692
226,41,140.32390667788093,1563.0449861529967,1,Fiber optic,No,No,0,0,71,Credit card,No,4.697283361369073,0.686568604708477,0,10150.075804139471,73.8464225981785
227,32,78.60911828253717,1475.4637491392664,12,Fiber optic,Yes,No,1,1,51,Credit card,No,5.731174503275555,0.650960328005337,0,4060.341158014617,77.4291997176293
228,71,34.720945959298184,877.3256327358388,24,Fiber optic,No,No,0,2,65,Credit card,Yes,9.524522725351837,2.200538985706238,0,2334.637210666124,200.0
229,49,148.0293558651035,5316.391485640571,1,DSL,Yes,Yes,3,3,52,Electronic check,Yes,6.356801628148939,4.523927971864433,0,7670.1616328962355,119.43193433782014
230,49,129.05675123797144,6138.544031551714,12,DSL,No,No,4,9,30,Check,Yes,6.920955418028783,1.725261749041423,1,2613.895377239801,58.83113902402931
231,41,36.206148556424694,2193.8667837675316,12,Fiber optic,Yes,No,0,8,57,Electronic check,Yes,1.5752018885422698,1.4990215075766988,0,1916.1137519454319,73.48103163053483
232,58,139.7094447402584,265.4651921442112,1,DSL,No,Yes,0,9,30,Electronic check,Yes,2.493950146076127,0.3496215878683241,0,3896.993293347383,104.3245900988964
233,69,133.0865270680767,749.156173063776,12,Fiber optic,No,Yes,2,5,42,Check,Yes,3.7085704877042938,2.5137414751956455,1,4272.169059126479,96.6682391579684
234,66,87.44894742638938,7746.094275275741,24,DSL,No,Yes,3,0,11,Electronic check,Yes,5.8544138622532875,2.423328748431333,0,996.1626151517486,75.17725444476677
235,66,96.8658066468408,2434.01374207162,12,Fiber optic,No,Yes,4,8,27,Bank transfer,Yes,7.989318063849891,6.819551683352342,0,2526.883728333282,71.75451912339625
236,69,71.87035150311694,6176.862867921255,1,No,No,No,1,5,24,Electronic check,No,3.891167900097283,0.713899061284606,0,2089.121743233303,72.7183013651241
237,29,27.119013046864072,5034.842193948683,1,No,No,No,0,3,39,Credit card,Yes,4.207441874308966,2.8248288903398246,1,1142.7455423318402,133.09656047823592
238,56,63.57564141396712,3117.3231532578775,12,DSL,Yes,No,4,3,18,Bank transfer,Yes,3.3053579665637396,1.138553019792208,0,1693.393216053083,20.564485184392552
239,19,124.3709483177415,1724.9293713448853,24,Fiber optic,Yes,No,1,2,45,Bank transfer,Yes,3.291483963657753,1.6350312673869491,0,5547.027184630785,41.944543028503176
240,20,20.602162990598373,1058.9527034593107,1,Fiber optic,Yes,No,3,6,12,Check,No,9.539774613053169,3.3905783499669404,0,268.27211044306574,187.08698508993936
241,66,63.354892319848744,4958.602447507046,12,No,No,No,3,2,49,Electronic check,No,6.71911461657001,0.5020447719076306,1,2303.263991069774,99.2741369942419
242,54,71.76193016682262,6219.606867038525,1,Fiber optic,No,No,4,1,31,Electronic check,Yes,2.4031111918595216,0.8397429856458235,0,2557.0568618210555,141.0776225210755
243,66,89.86142838192997,5186.843602974933,12,Fiber optic,No,Yes,1,9,22,Bank transfer,Yes,7.500237202758339,2.968331934894944,0,1989.3560599938046,21.387761562897836
244,73,139.58123013365886,4289.386852668351,24,Fiber optic,Yes,No,3,7,44,Electronic check,Yes,7.498190290240261,1.690071113996069,1,4102.430916709752,21.51187053174786
245,34,65.02497926757496,431.4146651099265,24,DSL,No,No,4,3,64,Electronic check,No,6.998231764483346,0.19395355280164708,0,4010.9227569713194,110.32559282867354
246,66,65.1039162465096,7751.061342995632,1,DSL,Yes,Yes,3,7,25,Check,No,2.2124840058159725,1.124890106794851,0,1863.0841960405164,48.26324236718493
247,19,115.8751622542673,6409.842114071139,12,No,Yes,No,3,0,51,Bank transfer,No,4.671923351226282,1.766840435773324,0,6033.840313598564,34.49088365709986
248,19,78.78833231567492,2413.2940899376213,1,Fiber optic,No,No,3,4,7,Credit card,Yes,1.960806974449718,4.805193577037486,1,351.48080584871104,115.51122366011344
249,45,49.19862698219765,7841.76560193492,12,Fiber optic,No,No,2,8,6,Bank transfer,No,8.349584536829228,0.4177123324878238,0,247.45573957590787,69.30200983309022
250,71,78.81713709725014,4854.864558126945,12,No,No,No,1,0,24,Check,No,6.896549288601274,3.279309436513126,0,1857.0381826212729,200.0
251,40,38.31141264937398,4701.138999837247,1,No,No,No,4,3,19,Check,No,5.564835430910366,0.27996024342523906,1,757.349594214394,71.99694196841156
252,54,42.93030824580903,6009.778117493303,1,Fiber optic,Yes,No,4,5,9,Check,Yes,4.0871392885053694,0.5547656777519062,1,112.67035272615175,4.200586028248495
253,49,84.78781045613236,6512.9813259120865,12,DSL,No,No,1,9,36,Electronic check,Yes,2.6582452704499007,0.5576928004209813,0,2809.6789562568956,45.829036230142265
254,50,74.46030843559123,5286.180997918871,24,Fiber optic,Yes,No,1,7,40,Bank transfer,Yes,1.958028299497971,4.198948868202137,0,3341.7740921394743,148.27187779152143
255,18,138.929967138853,1111.9563962929801,24,No,No,No,1,2,24,Electronic check,Yes,9.723165467832096,0.44383283913436056,1,2339.034342340662,141.89797199040387
256,36,67.1112068851623,2772.3132973565375,1,Fiber optic,No,No,1,4,48,Electronic check,Yes,2.7968377776042077,3.092557499836975,0,3205.472178659381,143.99174578781637
257,19,95.47648553614565,7431.860758575793,24,No,Yes,No,0,6,63,Bank transfer,No,1.538871640492471,1.2390743625354206,1,4344.71143608757,164.33297736385603
258,70,102.19435742953895,1874.4633335664303,12,DSL,Yes,No,4,0,69,Check,No,9.655000949642467,14.005820095810398,0,6853.628590931272,113.21884510434039
259,61,21.702279356483373,3040.1194883163553,12,DSL,No,No,0,6,53,Credit card,No,5.940565672220444,3.6538387803179666,0,1300.3200060489141,118.36487773145338
260,43,106.25985836217238,3513.4073752591485,24,Fiber optic,No,Yes,3,7,54,Credit card,Yes,8.169910614920287,2.69186501745682,0,5661.486903691153,79.11087804035819
261,49,43.14467569306768,3571.299418586172,24,DSL,No,Yes,3,7,42,Bank transfer,Yes,1.393892624784867,4.091646936581279,1,1493.5879727129914,62.75602221437184
262,23,144.93914127102917,4942.222701706752,24,DSL,Yes,Yes,4,8,45,Bank transfer,No,6.102512717316892,2.010409977866476,0,6215.514536862277,140.11660293853836
263,49,39.326154607904684,7550.29911818319,12,Fiber optic,Yes,No,3,5,14,Check,Yes,4.583889677061956,3.7113452554559854,0,640.6994021038918,15.319297451179295
264,72,73.90113608451308,2001.4724234767891,12,DSL,No,Yes,1,5,29,Bank transfer,Yes,7.947679909148952,0.605258040152325,0,2096.886432212758,144.5390572558956
265,21,31.0954568502237,1059.8608727772526,24,No,No,Yes,0,1,6,Bank transfer,No,1.3458308107515273,0.20562355756679704,0,45.64408147667584,116.5606178289258
266,72,149.59365273997315,1660.0168698935047,1,DSL,Yes,No,1,2,7,Check,No,4.615215117054529,1.9138713543801575,1,887.2778142684163,25.712365451588326
267,28,85.28535134306154,7106.706711653229,12,DSL,No,No,3,3,37,Check,Yes,8.191660775375764,1.1407634406680283,0,3125.8936151225666,67.15999960399552
268,73,97.40005225160569,5201.905419976128,12,Fiber optic,Yes,No,0,3,53,Electronic check,No,5.7042753817453296,1.1117882274520718,0,5255.4053289664735,102.507147719581
269,34,28.719942060495573,2358.663634989365,12,DSL,No,Yes,1,7,18,Bank transfer,No,5.950348668987435,1.496253901968902,0,770.1013412461809,149.8042659919114
270,55,117.49486115189312,6545.980817852076,1,Fiber optic,No,No,4,0,38,Credit card,No,1.8744821376936895,0.8968995401597947,0,4623.103852616062,101.94340266159057
271,41,47.287727102426146,6904.8229712711445,1,DSL,No,No,1,9,59,Bank transfer,No,2.1909750050808223,1.9673173384362268,0,2573.901672033715,0.0
272,22,136.7470576272928,6787.463275653196,24,No,Yes,No,3,3,1,Credit card,Yes,7.092996448292073,0.0620906498743902,1,0.0,134.7040757340949
273,69,46.66815326266094,7359.519615752481,1,DSL,No,No,0,3,68,Credit card,No,7.075419600609279,7.005885006930182,0,3265.292691211321,173.0997560458929
274,51,44.78940368627666,2092.7040593695565,12,Fiber optic,Yes,No,4,0,44,Credit card,Yes,9.81193054827046,5.172789135165632,0,2129.5091425108976,147.41477820969243
275,23,24.751456820252336,6064.831237095598,1,Fiber optic,Yes,Yes,0,2,47,Electronic check,Yes,7.407576892589954,5.475066036243159,0,1085.1272153650793,160.89791335560233
276,39,81.3687028642999,3738.262028465706,1,DSL,No,Yes,4,4,35,Check,No,5.439191463401025,0.9082715699216931,0,2887.4752961560675,119.03552396367814
277,28,93.42934732414014,6751.788567831486,1,DSL,No,Yes,0,5,60,Check,Yes,8.715950411801977,1.5181080274980676,0,5644.078260727203,200.0
278,65,28.54212312568581,5855.076349576744,1,No,No,No,3,8,52,Electronic check,No,1.9402568723434261,6.1639142351232445,1,1105.11311878598,0.0
279,33,120.81859017035137,6233.9348273478245,24,No,No,No,4,8,8,Check,No,5.0436623880662905,4.652650475417507,1,440.79463080075834,53.91308394091778
280,50,78.9275485172436,5283.678517680465,1,DSL,No,No,2,8,41,Electronic check,No,3.583981998348128,3.1236251947918263,1,1982.2142163389951,61.94741869012415
281,26,88.17073501258541,1501.6872788106843,24,Fiber optic,Yes,Yes,0,0,3,Bank transfer,No,1.9417402623486302,1.0462404196325132,0,0.0,86.8965669450204
282,23,77.29915710196966,4405.712659285813,12,Fiber optic,Yes,No,0,8,69,Electronic check,Yes,7.871518762483297,1.6617827465615524,0,5354.754059113889,116.24674773215266
283,33,72.09919791379238,7878.8909422436145,12,Fiber optic,Yes,No,1,7,14,Check,Yes,5.597128274489955,3.1492274904257203,1,433.73409412565326,118.11620751278953
284,46,92.75324307006832,7505.3657253272395,12,Fiber optic,No,No,4,1,26,Check,Yes,6.010918479077416,0.6376906032796188,0,2838.9294469647953,20.256909922200734
285,20,40.18123197099263,441.0725127963922,12,DSL,No,No,2,0,70,Bank transfer,Yes,4.701296691192961,1.9694034465943284,0,2943.5094488627365,141.14147653378373
286,37,43.65065696438525,1402.0370442625533,24,DSL,Yes,Yes,3,0,58,Electronic check,Yes,5.143035084424617,3.5197580855828448,0,2295.3647161120934,77.68817713345489
287,53,132.03213073175726,1140.657310291039,1,DSL,No,No,1,5,40,Bank transfer,Yes,2.0441564841070283,2.458272132149991,0,5508.311378025613,130.08558585231376
288,36,142.99501007737226,5835.241288883834,12,Fiber optic,No,No,2,8,51,Credit card,No,7.056260418582788,1.305856359381094,0,7520.245174513438,71.45352484690468
289,43,68.53021111636788,6560.504105869866,24,Fiber optic,No,Yes,4,6,5,Electronic check,No,4.892026236446924,1.7570669837045823,1,483.6005698923573,27.43052934251679
290,20,55.19680750866199,1786.7397938543081,24,Fiber optic,Yes,Yes,2,4,32,Bank transfer,No,8.350908158166249,8.96158113731334,0,1604.6835011762228,77.53409795671263
291,36,103.71994062107206,4096.236274319449,24,Fiber optic,Yes,No,0,1,1,Bank transfer,No,2.766584801287685,1.842545214904722,0,246.93080759950692,88.41494794602615
292,37,73.13544224275253,6741.55392128848,12,No,Yes,No,0,0,54,Check,Yes,2.845495840769522,3.079989322274068,0,4196.447338310503,82.69247295374092
293,49,23.300226235844832,5889.132203653379,24,Fiber optic,Yes,No,1,1,11,Electronic check,Yes,6.81183614377619,2.593673562487546,0,570.4739185457331,158.23204860494226
294,24,40.29983765760475,4383.6739233856015,12,DSL,No,Yes,4,0,53,Credit card,Yes,8.614030810576573,2.4179078157621308,0,1831.1428288597788,161.26761246885664
295,69,113.07638975016168,4763.746754624306,12,Fiber optic,No,No,4,2,8,Credit card,No,5.249780547563578,2.5201627514564353,0,861.0842966193816,95.39164886468446
296,58,105.66011244831968,4116.048320638612,1,No,No,No,2,5,25,Electronic check,Yes,7.542584818597899,1.211774090391859,1,1680.2501309431668,111.46956030042084
297,50,23.522479025452853,2450.6327654186825,12,DSL,No,No,1,7,40,Electronic check,No,9.99396929343777,1.285517253822666,0,1313.724014036537,168.2961265530536
298,57,48.85638105128343,4563.673743586227,1,Fiber optic,No,No,4,2,32,Bank transfer,Yes,9.912390757560352,1.2617076208805116,1,1192.5944023196416,111.47814489003532
299,56,50.03972355644928,5542.193886195716,12,DSL,Yes,Yes,0,9,28,Check,Yes,7.699031585395301,0.06764022835452217,0,1579.3618204570291,136.02091993108635
300,35,107.34605666783469,6999.251035300381,24,DSL,No,No,2,8,3,Check,Yes,7.65627840710424,0.5516791590204806,0,417.3092411438271,91.91828034354518
301,57,22.56236990806734,5126.70169643606,1,No,No,No,3,9,62,Check,Yes,3.228569984790151,0.33580563245848566,0,1473.9240511815465,95.65812303429853
302,18,33.5341156579946,6112.860142640948,1,Fiber optic,Yes,No,0,4,27,Electronic check,Yes,8.501856683893964,4.350936156604626,0,732.7634985738366,27.71827510381567
303,28,123.98909109851462,1364.5659161411268,1,No,Yes,No,1,6,45,Check,No,4.645919143424085,0.6430827437035121,0,5490.207214863781,0.0
304,45,43.21080606706337,3746.30404791634,24,No,No,No,4,7,25,Bank transfer,No,9.657945188801405,0.29802727452600203,0,1094.5732245768454,147.62478329813695
305,74,104.85699402074371,173.71979663403704,12,No,Yes,No,0,2,61,Electronic check,Yes,1.7328491983624197,0.2551371129504288,0,6266.559493137711,98.03643688416416
306,42,50.96376153607444,2048.7630297208216,12,DSL,No,No,3,1,44,Electronic check,No,4.922563319854534,2.407877840147752,0,2075.7711496349266,137.24219881872037
307,67,32.92738105871487,5839.047549392738,24,DSL,Yes,No,3,1,46,Check,Yes,6.0025643891514875,0.01220377927176278,0,1473.5240741116613,69.61658283560458
308,40,51.61238482992903,7935.298615659971,24,DSL,No,No,1,4,14,Credit card,No,4.646405863775484,1.2746848827953747,0,601.5445858833868,193.88345355435644
309,48,113.89470114123569,883.5069867390057,12,DSL,Yes,No,0,0,8,Credit card,Yes,2.89521271454449,0.2531027181831801,0,921.1210271653724,116.33576894837513
310,47,131.24054085381715,3271.805095304177,12,DSL,Yes,No,2,1,48,Bank transfer,No,6.336896399042589,3.7897567002669827,0,6210.971878089813,140.16474854534536
311,59,127.92858239370891,6420.56065272336,24,DSL,No,No,0,8,14,Check,Yes,7.803261231626238,6.36173267319468,1,1116.728375560346,116.06877745889585
312,52,71.63385885039912,1711.8815135683008,12,DSL,Yes,Yes,3,6,65,Check,Yes,6.803547364181768,6.37643216140746,1,3073.8157456303957,46.571794555667644
313,24,106.851067754184,4485.171099488061,1,DSL,No,No,1,5,7,Electronic check,Yes,3.1100396392723555,1.166663995570799,0,749.1766582884162,7.833888110658322
314,33,46.64795840405672,5891.263238634431,24,No,Yes,Yes,1,8,49,Electronic check,Yes,7.584471499316716,2.0685434616936957,0,2463.409616570262,160.9609748077017
315,43,58.10920493393172,4966.285057055415,12,Fiber optic,Yes,No,2,6,55,Check,Yes,3.312080254401069,1.8311026931274337,1,2367.378700745492,98.26752080692066
316,65,136.52365640774556,1585.3954034617875,1,No,Yes,No,1,4,13,Electronic check,Yes,2.57682126631636,0.8616855323390317,0,1469.4254962829118,98.2991991277568
317,74,21.690250056395683,2907.5380926173416,12,DSL,Yes,No,1,8,56,Check,No,7.216012138948499,1.1742059664453295,0,1386.6041553603397,61.797305422521646
318,69,31.11610901108085,6291.9550974346375,1,No,No,No,1,5,56,Bank transfer,No,8.585085215025362,0.13297138539020495,0,1871.2639110112063,200.0
319,66,47.025213168983555,4478.389461642932,1,DSL,Yes,No,1,5,15,Electronic check,No,5.33385502926917,3.17632208465268,0,882.8328788142451,117.96446991121583
320,19,23.449186503596565,141.31394698901062,24,Fiber optic,No,No,1,3,57,Check,No,5.78252613824594,0.5509893156456063,0,1553.3260967656693,157.4046506127587
321,18,43.58660656167365,6111.827004221941,1,No,Yes,Yes,3,0,58,Electronic check,No,3.7247281342410923,1.2343263113804959,0,2382.4924158204717,84.6484665636868
322,65,95.79540292605998,378.9597040278887,12,Fiber optic,Yes,No,0,4,35,Bank transfer,Yes,5.45156213599029,1.310241797899282,0,3292.8785490201353,77.14141972800844
323,29,74.78519157702473,5991.296883576734,12,No,No,Yes,4,8,16,Electronic check,Yes,2.187846982111665,1.6451989015194504,0,1554.6557680538338,83.12459391614954
324,22,136.04732244000672,1699.5964253053755,1,DSL,Yes,No,1,7,8,Check,No,9.60247746714691,3.4061420154313256,1,1108.0730819597325,163.35824196326968
325,54,126.26766302599732,7668.780492943104,24,DSL,No,No,4,7,45,Electronic check,No,8.203245882909366,2.354538713761496,1,3962.113673255445,75.55546836709728
326,49,64.43625572072388,3006.7319352864674,1,Fiber optic,Yes,No,4,4,40,Electronic check,Yes,7.011757547399663,2.175718911074623,1,1924.837445113967,105.77758699810322
327,72,53.72504634606802,2682.759769070825,12,DSL,No,Yes,3,8,54,Check,Yes,5.843749345159627,1.496243942714619,0,3039.27247697304,118.62717187388488
328,26,69.3600130617447,1276.215597626313,12,Fiber optic,No,Yes,1,2,14,Credit card,Yes,8.12952222605168,0.20175395228901769,0,1322.5691092951324,177.046480657392
329,58,96.73834252692501,2514.2733023726973,1,Fiber optic,No,No,4,2,59,Electronic check,No,5.452815156272239,1.028357383544179,0,5776.61828707619,0.0
330,52,54.848273306973915,7025.541018442785,1,Fiber optic,No,No,1,0,53,Electronic check,Yes,3.6997651733907926,6.30790216089352,1,1792.413559926326,40.08803214804976
331,36,101.13935802038742,7971.041267255254,24,Fiber optic,No,No,2,8,27,Bank transfer,No,2.4433681165000483,10.82883751363953,0,2635.561480850954,102.18940141560068
332,65,73.22351478486127,3009.6452910041016,24,No,Yes,No,2,5,47,Credit card,No,6.828270299216266,2.622360019249805,0,4068.212526797144,74.8201567168287
333,33,91.76613351075743,3644.0239845408864,1,No,Yes,No,2,1,6,Bank transfer,No,9.364831705238627,0.516285280147494,0,298.8725495909559,89.48802371985012
334,20,76.69644878759117,5804.360411801623,12,Fiber optic,No,Yes,4,7,55,Check,Yes,2.3825669815391604,0.21492688608403912,0,4228.36050764303,56.665747339615784
335,37,58.2805487404493,7100.946665674089,24,DSL,Yes,No,2,8,44,Check,Yes,2.6201624054572608,1.0714814156104473,0,3027.0508326302593,13.014103886610869
336,41,143.29892990508037,4785.050240075595,24,Fiber optic,No,No,3,8,18,Bank transfer,Yes,4.9024543006858154,3.8838428621867456,0,2419.4320899345557,46.26257376403187
337,71,119.2687532407689,3193.0530156048517,12,DSL,No,Yes,3,1,16,Electronic check,Yes,8.262094131277202,2.5592918775840374,0,1362.9201515870348,160.71024552615242
338,73,38.21471284963883,3359.7125427041274,12,No,Yes,No,4,1,12,Credit card,No,3.6453045607435417,4.30647306480452,0,0.0,0.0
339,50,132.90083686672867,5595.383357324774,12,No,No,Yes,1,6,20,Bank transfer,Yes,3.2852163220302533,1.9130607643630468,0,2499.1739445818066,24.86854259145926
340,41,83.36605577243677,125.42428247380158,24,DSL,No,No,0,3,45,Bank transfer,Yes,6.579696623165505,0.279279138282429,0,3398.8855592816685,63.08775138288445
341,69,136.2917894962319,4994.755765932741,24,DSL,No,Yes,1,0,64,Check,Yes,5.820533036868987,0.24387422956202423,0,8930.107995211341,88.50602276072175
342,28,123.98118327315098,2908.394782486723,1,Fiber optic,No,No,1,7,59,Electronic check,No,1.5419832800071265,0.09838532584564852,1,5174.051690543109,80.47162819304259
343,66,75.27775558100035,6374.158917088966,12,No,Yes,Yes,1,1,22,Credit card,Yes,1.7334097957834889,1.6744045151662452,0,1229.3431651823335,64.9278818035226
344,25,22.92101008161526,834.626054602744,24,Fiber optic,Yes,No,1,2,47,Bank transfer,No,6.787116821662895,0.5564835099327557,0,758.2172953841882,200.0
345,53,54.92805672004299,4746.797908892285,24,DSL,No,No,0,4,29,Credit card,Yes,5.186112392330016,2.651404543984903,0,1840.9417434986146,152.25438674106596
346,55,90.4124479059127,3899.6858301003776,24,DSL,Yes,No,2,2,45,Credit card,Yes,9.738794724302323,2.3183171681958807,0,4107.191966905838,140.9694551998099
347,57,102.35216857739914,5174.371654651297,24,DSL,No,No,1,6,9,Bank transfer,Yes,7.1067826965705825,0.7657760264427619,0,1207.8957860747037,187.22470908144908
348,37,53.5253991063163,612.3433964154499,12,Fiber optic,No,No,3,6,24,Credit card,Yes,1.0906629579390832,0.38911623767520453,0,1508.411732222168,0.0
349,52,38.11628962946713,4681.871920682237,12,No,No,Yes,4,1,15,Check,No,5.329169018204157,0.216062267830417,0,341.640203647355,122.96192833475828
350,65,128.5409307839089,4535.728244880237,12,Fiber optic,Yes,No,4,6,36,Electronic check,Yes,4.730031415319315,2.67360145127437,0,4803.867121354431,48.02731949130386
351,42,147.97228349146178,4529.214745887751,1,DSL,No,Yes,3,5,13,Electronic check,Yes,1.9604247399439183,1.1972782644848292,1,1459.1179929916443,32.91726572118397
352,52,88.33972369934915,4867.552566111993,12,Fiber optic,No,No,1,9,44,Electronic check,No,9.308879522849711,0.7817341027708118,1,2328.5192990873616,163.02459889113936
353,42,42.31830716027946,5444.0967040882615,24,Fiber optic,No,No,0,8,71,Check,No,8.245101691735513,3.884974249873859,1,1830.8242000201817,121.33538449036566
354,46,55.39995244751796,6459.413097478081,1,DSL,No,No,2,8,36,Check,No,3.0707731757800167,1.8008998086655394,1,1883.6128993630573,79.66136224061921
355,35,22.390787951170676,2231.5836890128935,24,DSL,No,No,4,1,61,Check,Yes,3.303826829586975,1.4596320244782066,0,1180.3100174346635,58.43507178814228
356,63,138.85884485286488,6617.89034042249,12,Fiber optic,No,Yes,2,6,40,Electronic check,Yes,1.2881624798750586,2.7203112671743552,0,5636.658017381215,77.62788851045946
357,35,35.30764077571835,4036.2198898812835,24,Fiber optic,No,Yes,0,4,27,Credit card,No,3.6704570642113685,3.381113083289665,0,915.1761513068177,92.00963503679927
358,19,94.94714181685296,708.7604051612162,1,DSL,No,Yes,4,5,1,Check,No,6.261598080220182,2.3171905985419325,0,131.69193219238718,121.43090263766965
359,71,55.62717868933678,562.5523410274357,1,DSL,Yes,No,2,0,34,Bank transfer,No,4.787590495480014,1.1596595570594557,1,1299.0272391849649,6.091778809072636
360,52,92.04314032705314,2740.48271769888,12,No,No,Yes,0,6,68,Check,Yes,9.723299173477127,0.9538109209151733,0,6451.97100082825,191.83102114553813
361,33,104.68465048574235,6300.686119180594,1,Fiber optic,No,Yes,2,5,21,Bank transfer,No,1.5047215233730378,2.9538823196161346,1,1726.6625310109976,0.0
362,58,127.86643448193621,5690.679384453235,24,Fiber optic,No,No,1,3,33,Electronic check,No,6.322871430091095,1.4592371413990142,0,4243.1772514187505,88.91056184127663
363,53,46.83476532887842,6330.058220912011,24,Fiber optic,No,No,0,0,7,Bank transfer,Yes,8.724784964563433,2.4374019906767144,1,48.59574139089983,195.9162324810551
364,50,21.42945772560246,4186.425545888715,1,Fiber optic,No,No,2,8,65,Check,No,5.326668211687504,4.4218137119882925,0,1279.1569839743977,0.0
365,21,37.795131908944946,3577.5720838483753,12,DSL,No,No,1,3,3,Check,No,1.0266644850435713,4.951274719086518,0,0.0,92.5373531161346
366,50,137.00242344025366,1264.8749609796432,12,DSL,No,Yes,1,1,51,Credit card,Yes,3.1852134984364766,0.6506727323221809,0,6920.237735101031,38.914415544099725
367,31,133.60571008312698,2692.722753513561,12,Fiber optic,No,No,0,7,54,Electronic check,Yes,3.9139207810116954,0.416238837565345,0,6861.423304400073,61.85787386294818
368,38,97.66370328214008,3528.7529927736146,24,Fiber optic,No,No,3,1,59,Bank transfer,No,9.693950451017162,0.6056925678172489,0,5805.927933588745,78.79791245773737
369,65,98.06719185637493,799.9433944689762,24,Fiber optic,No,Yes,4,4,6,Electronic check,Yes,9.205959536548296,2.7835931051864535,1,471.0818515283419,34.48102117845306
370,37,106.45476769101322,1842.834426418569,12,No,Yes,Yes,0,5,29,Check,Yes,9.542534545968673,0.9242551690962449,0,3288.2386553697693,74.85975623899157
371,73,42.79826622104845,4825.979823103537,24,No,No,No,1,7,17,Credit card,Yes,8.431826118552715,0.3808428184372002,0,483.55336710825736,200.0
372,25,138.87355297024476,5911.7386024895995,12,Fiber optic,No,No,1,0,60,Check,Yes,4.16482960702514,0.2071364511104942,0,8101.974117997776,109.19506283102584
373,24,74.44016823596951,7986.945340004302,24,Fiber optic,No,Yes,0,0,22,Check,No,9.152887798865805,0.7929508399094143,0,1942.623974895914,111.35198005447441
374,20,69.80800867243467,7471.595317614106,12,No,No,No,3,3,24,Check,Yes,9.83516055343344,0.29268087944129245,1,899.0284531065358,96.57508760533247
375,34,87.45930168676888,5176.2650763280135,24,No,No,No,4,4,51,Bank transfer,Yes,4.150641810474577,0.34009110254259545,0,4870.667629829014,63.038185903368365
376,50,26.105575680757156,3427.859621023169,24,DSL,No,No,2,8,50,Check,No,3.3450036938780405,2.303291920296434,1,728.9157255223654,53.825289427581716
377,65,41.616837938290324,5125.801181195038,1,Fiber optic,Yes,No,0,6,11,Electronic check,Yes,5.922246635039992,0.039858745819678104,1,137.06799290878732,66.03588436697046
378,29,115.94437013542816,6306.647782833833,24,Fiber optic,No,No,4,6,56,Electronic check,Yes,2.68436973339037,0.25011369022530294,1,4713.581278451532,0.0
379,68,30.76382683026644,1034.85590829476,1,DSL,No,No,4,7,71,Credit card,No,1.2936179926574218,3.7204898259819905,1,1638.8404992037879,88.63476442071676
380,39,98.40977423063046,3338.248628600677,12,Fiber optic,Yes,No,1,4,42,Electronic check,Yes,9.512480540042827,3.72755205084029,0,4461.51788060538,78.96419648545614
381,72,51.895384258571724,6734.438056521376,12,Fiber optic,Yes,No,2,4,39,Check,Yes,9.331665691972773,0.7986981348363031,0,1645.6591556382546,32.804781257250525
382,39,70.60842982545695,3132.2803202710475,24,DSL,No,No,0,0,69,Check,No,2.4638846838590895,0.18412752864747695,0,4978.708743517546,100.3133368033359
383,63,57.53018578019098,4617.790942694774,24,Fiber optic,No,No,1,8,48,Electronic check,No,4.669662222367474,2.441358728666139,0,2752.2542065884713,1.7714787719647518
384,47,66.23745314044339,4743.377950811366,24,DSL,Yes,No,1,5,57,Credit card,No,8.479326819454169,0.8929857718940661,0,3560.1892181184817,92.34594433844329
385,55,113.47596767395191,1557.3623997557509,24,Fiber optic,No,No,3,8,21,Credit card,No,6.949002689387677,0.09306115504880248,1,2044.3913034073084,23.99516159444635
386,55,58.62582303101275,2961.6599890530783,12,Fiber optic,No,Yes,4,2,20,Electronic check,No,4.553087582536426,0.3435396009137571,0,1219.586420396873,8.265268587009338
387,62,93.63260323859663,2742.639181061264,24,DSL,No,No,0,4,15,Bank transfer,No,7.69753897464537,0.29517906386975273,1,970.5725125307495,153.05680101575305
388,68,81.88655228588296,306.95399740331186,12,Fiber optic,No,No,0,1,69,Bank transfer,No,9.073426493891718,1.7788903591313443,0,5740.973352844695,182.44026043332715
389,71,106.27725149714426,291.1149347417064,12,No,No,No,0,9,51,Bank transfer,Yes,9.335424974732813,4.5678718221747605,0,5074.468972931805,107.38831769491883
390,25,141.78786611221852,6670.40664503861,1,DSL,No,Yes,1,4,62,Bank transfer,Yes,4.409646507299701,3.1507690666963226,1,5903.872184186078,103.55806459312254
391,44,115.23437263733254,2257.259398785218,24,Fiber optic,No,No,3,7,37,Electronic check,No,2.5620461206553697,1.581590780931406,0,4197.147556207114,11.710337227558576
392,44,47.94224921679838,4192.822253286642,24,DSL,No,No,2,1,6,Credit card,Yes,9.215549723745776,1.0968997955618431,0,350.9338314596473,160.76632966512108
393,51,24.05380755796701,2459.932031351307,12,Fiber optic,Yes,Yes,1,7,71,Check,Yes,1.8329990127492544,1.9282154620561494,0,1962.7472106246396,4.780807601812654
394,38,54.09432575897726,7531.36603641119,1,No,No,No,2,3,26,Check,Yes,7.495195521053473,1.1733004892728987,0,1229.4682238935982,129.22359652436378
395,47,97.36013099103313,2148.4443950396126,24,Fiber optic,Yes,Yes,3,9,8,Electronic check,Yes,2.264475833747215,0.5649887638378264,0,556.2227839953262,58.16983647874531
396,50,26.685355752952546,3494.288820637587,1,DSL,Yes,Yes,4,9,4,Check,Yes,4.50448169200923,2.2738589416551904,1,175.0042694589684,165.8348120287173
397,45,84.52761213616073,6994.568978828354,24,Fiber optic,Yes,No,0,0,21,Bank transfer,No,4.704001718905246,4.130981744594207,0,1747.90025278627,49.909859088373594
398,64,97.58957035919559,6751.275177655289,24,DSL,Yes,No,2,4,31,Credit card,No,2.4288212360087504,0.9332039012196803,0,2641.0218015237406,200.0
399,50,63.451705806204906,1570.2012009855907,12,No,No,No,1,0,21,Electronic check,No,9.304132906059507,3.6844868269777455,0,1148.8107272537359,197.26729377790892
400,22,120.21858648695685,6440.882147386113,1,No,Yes,Yes,2,6,25,Credit card,No,1.0240135120835765,1.1280380988482432,0,2969.1110648243052,151.55784340370204
401,65,33.857772907390334,3719.676405229352,24,Fiber optic,No,No,4,7,15,Electronic check,Yes,9.044276888949675,1.0261093561901715,1,324.6659135853158,136.61747207421018
402,36,29.767911625655138,3915.4540894743063,24,Fiber optic,No,Yes,0,2,35,Electronic check,Yes,8.954463911279369,0.05746646278479216,0,1059.848561464576,118.45870083881852
403,21,114.66453830646843,1154.491782085956,12,No,No,Yes,2,2,49,Electronic check,Yes,3.8526728832820147,2.3767167028687255,1,3672.9297519025317,127.71338339070662
404,52,84.4138711068058,736.7519586812848,24,No,Yes,Yes,4,6,43,Electronic check,No,7.33855842891348,3.2953444856294754,0,3603.5935084888483,47.42583045855842
405,66,109.49231153560568,5850.7205250927445,1,Fiber optic,No,No,1,3,41,Credit card,Yes,3.2752802016848395,2.1786525918786612,0,4678.60044835541,97.7950078288815
406,34,76.52755401848701,4022.043103606868,12,DSL,No,No,3,2,37,Check,Yes,7.828962060285446,0.3282426638874839,1,1404.536788935382,52.897441784555255
407,61,52.032264321083886,3551.1205506599185,24,Fiber optic,No,No,1,7,57,Electronic check,No,6.050077676089691,0.21805327212842518,1,2019.6093480834,78.4657383518362
408,45,126.48330129764597,5863.115006353934,24,No,No,No,0,2,42,Bank transfer,Yes,3.702029088228925,1.7012810559816796,0,4979.904506958176,168.4650596211115
409,47,123.9240642659673,6147.551902029767,1,Fiber optic,No,Yes,1,6,47,Electronic check,No,4.6021127827388915,1.0267118251121554,0,5817.984682748195,125.71472760435897
410,46,110.31054121107547,1355.3745245878931,24,Fiber optic,No,No,1,1,61,Credit card,No,7.208998590145631,1.121074667055875,1,4409.303131291839,190.88350041752597
411,63,55.37886783989515,4920.778680873366,12,DSL,Yes,No,1,0,14,Electronic check,Yes,9.154877046794047,6.8715929785749195,0,802.1190567391435,88.34841625012072
412,70,96.72998669298133,1169.2972499937157,12,Fiber optic,No,No,1,5,68,Bank transfer,Yes,2.1765386491054715,2.5741485513409357,0,6902.966371869423,0.0
413,23,66.92660660220349,6035.863179629461,1,DSL,Yes,Yes,0,7,53,Credit card,No,6.142275727022414,1.0613348169639971,1,2287.0852805008703,183.22399142463496
414,52,31.90566953246244,5289.945734510402,24,DSL,No,No,4,0,34,Electronic check,Yes,3.283562795114057,0.03856805446198325,0,917.9045772048414,117.65214584530992
415,58,139.25076481009157,7657.255506559318,1,Fiber optic,Yes,No,2,9,24,Bank transfer,Yes,8.212350248879133,0.06938103155536635,0,3248.048085555637,119.27567425561864
416,54,37.78642201946498,644.7683292157274,12,Fiber optic,Yes,No,3,8,20,Credit card,Yes,1.6321357528253295,2.3091192916638414,0,819.464871035192,65.01836846015385
417,41,143.5308559967043,550.7322970949091,1,DSL,No,No,2,2,69,Electronic check,No,7.200602111540528,3.637095294032971,0,9699.81980954738,164.85672414886733
418,46,77.98075048453424,2329.277890076281,24,Fiber optic,No,Yes,2,2,30,Bank transfer,Yes,2.5745141232192683,2.4599672059400115,1,1561.5535290841683,93.67231761516153
419,66,44.067280749020554,2167.474901513657,12,DSL,No,No,3,3,7,Credit card,No,6.367468765629063,1.041374017585821,0,174.57291617111193,123.77311253015276
420,63,90.44712315918656,2051.132512668799,24,No,No,Yes,0,0,36,Electronic check,No,8.521233284734228,0.06326151465450823,0,3162.790934783444,200.0
421,70,133.48295866393306,7259.41118611619,1,DSL,No,No,3,8,38,Credit card,Yes,7.795725959095116,6.846985998151028,1,3616.728964933174,88.69008285518808
422,48,115.18923523324295,2071.414978811098,12,Fiber optic,Yes,No,0,2,52,Bank transfer,No,7.776485989152736,8.585990381973142,1,4303.100928403687,138.93214340969928
423,52,124.85294922198847,2248.402836416185,12,Fiber optic,No,Yes,2,9,15,Electronic check,Yes,5.660607809682147,1.5941931688057964,0,1577.4341089666327,107.38751426543412
424,50,105.64183767239325,6099.246273101913,24,Fiber optic,Yes,No,0,3,46,Electronic check,Yes,9.016710326647493,0.14658484126357657,0,4924.826152462685,200.0
425,69,109.99595338732082,3652.944755359266,24,Fiber optic,No,No,4,0,23,Electronic check,No,6.292946784177981,1.5572903414940833,0,3159.059245253283,47.95939216085208
426,38,130.3954347034915,6236.013399945931,1,DSL,No,Yes,3,3,12,Bank transfer,No,9.257661716946135,4.457525913189955,0,1873.5902349776366,98.52428579787642
427,49,52.45684115169417,616.3926447586434,12,DSL,Yes,No,4,0,44,Check,Yes,5.9187021204917585,2.2787780067283574,0,2179.729486860574,0.0
428,40,83.62524527360827,3951.812430019736,1,Fiber optic,No,Yes,2,4,15,Electronic check,No,5.5536900671800264,2.545854431910128,0,1280.7593848502308,124.16969038358928
429,50,48.75722743654829,365.5474414479328,12,Fiber optic,Yes,No,3,4,49,Bank transfer,No,3.00117717289283,0.17759649939003186,1,1665.6572479288693,40.512727795934296
430,20,148.39684103956412,594.9603072973007,1,Fiber optic,No,No,2,6,21,Credit card,No,5.903079886271845,0.22524393713147098,1,2273.32450707533,29.208021850946807
431,35,142.72771415925973,7260.855881420846,12,DSL,No,No,4,7,15,Credit card,Yes,2.2652634812400727,0.2724386354376476,0,2056.4727954057776,33.94258358824286
432,42,25.125485477905766,1200.0384318290019,12,Fiber optic,No,No,2,3,14,Bank transfer,No,8.827211811335909,4.694680325118165,0,297.92682954278877,200.0
433,59,111.7247724270395,4306.123389974216,12,DSL,Yes,No,3,6,42,Check,Yes,7.083026998374641,1.4924615690390746,0,4546.2756517395555,76.06291692378309
434,48,140.28228126403656,3347.6552605455818,12,Fiber optic,Yes,No,3,3,15,Bank transfer,Yes,9.942719036436477,3.1363529543368642,0,2323.3219346638284,112.51605059437306
435,71,43.47479486655336,2844.0122774448573,24,No,Yes,Yes,2,2,63,Credit card,No,1.828876850114708,0.24499359070995794,0,2801.1063193754044,151.41636121273228
436,20,93.83287997184183,7208.683430929453,12,No,Yes,No,3,5,68,Credit card,No,3.1660547486075816,5.252278017429021,0,6444.34704777836,65.07802776075695
437,57,139.01347868644544,272.40483452636704,1,Fiber optic,No,No,3,3,27,Electronic check,Yes,8.894427438395253,3.4423271912403446,0,3997.039753690995,56.77340433692488
438,63,24.41297721615385,5343.938520787154,24,Fiber optic,No,Yes,2,2,53,Check,Yes,4.5572868979202585,0.5091759332108878,0,1540.5224314291597,134.90825465149058
439,41,110.66463474208919,7710.816030287048,1,DSL,No,No,4,8,52,Bank transfer,Yes,5.1967269098370785,4.145841429819978,1,4237.092311152424,113.80348001485456
440,67,58.6553709584316,4525.328649348551,12,Fiber optic,No,No,3,4,63,Credit card,No,8.74586698648855,0.6115366526790861,0,3935.921186803605,102.94817670369271
441,49,140.17150539894897,7500.897450061426,12,DSL,No,No,3,6,53,Credit card,Yes,5.69640902454957,0.459681553844487,0,7741.623404093847,89.09592318216498
442,64,146.2375718714978,512.8372463595878,12,No,No,Yes,3,5,57,Credit card,Yes,2.741282644729313,0.6137133021528626,0,8142.217768562962,0.0
443,39,142.75464358474642,3408.467220685875,1,DSL,No,Yes,3,9,52,Bank transfer,Yes,9.028271038688029,4.814892872576243,1,5136.533413875784,56.69680196765835
444,40,81.6478481654703,2155.2465486002043,12,No,No,Yes,2,4,43,Bank transfer,No,1.2795549078073014,4.9441858470677165,0,3652.6471376732334,51.58445895010205
445,19,132.06554462861075,5873.485623347766,24,Fiber optic,Yes,No,4,6,7,Check,No,9.05856640879099,0.7979596899859545,0,747.3528970711885,98.31506153059713
446,44,129.79142180955915,7852.247014928249,12,Fiber optic,Yes,Yes,4,5,42,Electronic check,No,1.4546820400510123,2.4445056414082806,0,5378.588835099438,5.650069857361839
447,59,61.483061521623235,2126.5874933095574,12,DSL,No,No,0,9,4,Electronic check,No,6.992644281401153,2.2524516452575156,0,284.8156903153882,110.40219101578823
448,19,127.75901163958805,5267.979351645188,12,Fiber optic,Yes,Yes,3,1,69,Electronic check,Yes,1.645114417078012,3.2856029983370894,0,8769.344696189664,58.97006067745384
449,43,24.810992513014043,1664.9712988019471,1,DSL,Yes,No,3,2,5,Credit card,Yes,7.35591687368559,0.7034018132598703,0,137.2587124337096,57.94605467323679
450,34,97.5150842026669,4566.109011115718,12,Fiber optic,No,No,0,1,41,Electronic check,Yes,1.305741891996558,1.4272653328964264,0,3769.0401079323615,94.00589026310172
451,57,49.9011488474014,3765.066644837856,24,Fiber optic,No,No,4,2,4,Credit card,No,8.582119549397088,2.203277433419665,0,192.05365385283287,160.45395470571003
452,50,35.673695151046246,7778.842104089143,1,No,No,Yes,1,0,2,Check,Yes,5.193495558369863,0.05321536890122524,0,98.15220353826155,96.74684464199953
453,26,30.00391621179719,4907.365454302086,1,Fiber optic,Yes,No,1,7,67,Credit card,Yes,1.8410852140199014,0.9455789974170985,0,2333.263259701351,33.6821344696908
454,60,110.51754086415816,2861.1003394858685,1,No,No,Yes,4,5,21,Check,Yes,7.361375005091295,2.3807208010305434,1,1570.8819625266246,188.147223104582
455,71,64.18374528984859,1001.3567006146736,12,No,No,No,3,1,70,Check,Yes,5.403611417533862,0.582296393369778,0,4362.8094161383,106.50901592623327
456,65,114.219680298739,1294.849947005983,24,DSL,No,No,1,7,43,Electronic check,Yes,2.718539729878986,6.326130579991232,1,3580.6011888823346,47.10640173357288
457,56,28.496324303862508,1880.0037466147571,1,DSL,No,Yes,2,5,69,Electronic check,No,1.1410513649985319,0.06125116740529687,0,1331.2965893398177,96.30343774984769
458,46,60.987743917979344,2082.636624588354,12,DSL,No,No,2,6,9,Credit card,No,4.761984337529834,6.3443274265877365,0,485.42000417288995,102.90123695377454
459,59,90.13386800879384,6819.866856944988,1,No,No,No,0,0,28,Bank transfer,No,1.77066307655682,0.48864211006647196,0,2421.005611903716,85.65598785504984
460,72,122.79401142906526,4533.660027431947,24,Fiber optic,No,Yes,4,6,26,Electronic check,No,1.847527284225135,0.10010821325982636,1,2287.0353393703285,34.332627458393986
461,43,61.43782538116909,4234.788199857495,1,DSL,Yes,No,4,2,3,Electronic check,Yes,3.4059659352640916,0.6919618959614723,0,433.5587270116324,46.67576043476063
462,52,101.36587893681119,1006.674087766818,12,DSL,No,Yes,1,7,49,Bank transfer,Yes,6.674124675181819,3.0861986556125705,0,5277.184307684019,166.897155601139
463,67,135.1771072707043,6895.103577460536,24,DSL,No,No,3,5,17,Bank transfer,No,5.769195477048543,2.7922208140796374,0,2347.400360852442,120.22068509912611
464,42,100.06221446369959,5810.232995347022,24,DSL,No,No,4,3,63,Electronic check,No,1.6208857743281255,0.4685111648273297,0,5993.582768924258,0.0
465,41,50.28473171797239,634.5800590100125,12,Fiber optic,No,Yes,1,7,55,Bank transfer,Yes,9.715881483032229,0.43827849249073353,0,2662.822923220242,200.0
466,30,23.172101602349944,5691.897268115173,12,DSL,No,No,1,8,23,Credit card,No,8.984518194651319,2.057686965098052,0,452.0483118655435,118.46030207020294
467,24,133.11285360712088,4393.951917006904,12,No,Yes,No,4,9,34,Check,Yes,3.3330293843064243,1.2252837063178417,0,4599.280107802537,125.7823943770427
468,74,22.765023410550327,745.6302313995482,1,Fiber optic,No,No,1,1,69,Check,Yes,2.1010471836592712,3.1432243564204434,0,1582.0359233600589,134.61093423242738
469,53,133.71121744894592,3720.575068076386,1,No,Yes,No,0,5,15,Electronic check,No,9.481625782812912,0.0488574911324087,1,1266.3081576466664,173.26450301637504
470,62,88.76182742353755,3929.1006683273713,12,DSL,No,No,0,4,47,Electronic check,Yes,5.150276000926299,1.8853303022155832,0,3921.476200522971,124.49407832740116
471,37,142.0788008066765,1409.6188672898784,1,No,Yes,No,4,4,3,Credit card,Yes,3.800502682942922,2.6236507135027916,1,124.65010176540221,196.34288385409548
472,18,123.8418206505765,7571.01536130223,1,DSL,Yes,No,3,9,28,Bank transfer,Yes,5.413222316486687,10.037167205354836,0,3286.5016015030355,57.72330091155224
473,25,149.73143436933387,6814.805434697229,12,DSL,No,No,0,2,3,Electronic check,Yes,7.95469730091771,2.2712686134857245,1,638.7514108828136,124.07102323410925
474,63,65.59253600872232,5385.2764648999555,24,Fiber optic,No,No,0,7,4,Check,No,2.5154676847274904,0.5275278941625888,0,108.43842277356381,70.05829012195257
475,33,119.73447756104649,3752.1349319047968,12,No,No,No,4,7,31,Credit card,No,7.9074625015837645,0.22899581369164967,1,2610.26537421796,82.31265841076122
476,31,72.25101876920148,3352.9477785176173,1,Fiber optic,Yes,No,2,4,45,Credit card,No,7.745021091404789,2.0484021837145394,0,3444.9841262835853,119.92585639251418
477,29,82.38383063950815,5242.6903904925375,1,No,No,No,1,7,59,Bank transfer,No,5.854133843567918,1.481245302212281,0,4899.625665017511,161.03426936536528
478,68,101.57571021838811,4408.911768314553,24,No,Yes,No,0,9,45,Electronic check,Yes,8.792580598746234,4.588148594460238,0,4353.706431638418,181.253096500568
479,40,133.57802484422405,591.9575364668964,1,Fiber optic,No,No,2,7,37,Electronic check,Yes,2.189290403528745,2.593697387504126,1,3656.68784902526,104.4888575509303
480,32,147.93085099590837,4148.77092528562,1,Fiber optic,No,No,3,2,65,Credit card,Yes,6.359311059991058,1.4256488276104675,1,6801.691144254505,88.46258882234687
481,45,119.87554380238737,6470.588576139432,12,DSL,No,No,2,1,9,Check,Yes,5.044087472516394,1.0336520831894505,0,641.7823470506279,141.17880518069344
482,51,74.30968168175339,3727.9950330159686,12,Fiber optic,Yes,No,4,8,17,Electronic check,Yes,4.800629015522485,1.0362870003612628,0,1512.4088757886636,93.4698642582655
483,19,74.77641029601912,510.45696267872046,12,No,No,Yes,3,1,65,Check,No,3.273049641425729,0.5131532345047602,0,5035.142609861913,74.21809120714805
484,49,115.8856992065559,6311.597775133861,1,Fiber optic,Yes,No,3,8,3,Credit card,No,4.350516911289173,0.03495564588001317,1,311.06006561981707,79.76414272645128
485,40,51.041028949879305,1690.7738788741976,1,Fiber optic,No,No,2,3,26,Electronic check,Yes,1.9733568042129916,1.7109115029909443,0,1654.0194498359706,115.78842407495625
486,39,34.36163470708131,2143.1045956155062,24,No,Yes,No,4,1,53,Check,No,3.264390727883427,0.4775672759655855,0,1991.260180177821,73.67339087351904
487,68,66.10088049330095,1401.1801921151375,1,DSL,No,Yes,0,9,31,Credit card,Yes,3.4476859700027433,0.4672134945837356,1,1659.977468459206,115.91040151744534
488,42,57.341068915030625,2708.6990124848307,12,No,Yes,Yes,2,0,26,Check,No,7.486010807141255,0.26793435496185836,0,1698.1481099345026,200.0
489,39,58.52005565927871,6078.336894940217,24,Fiber optic,No,No,0,3,23,Electronic check,No,1.4369538448797683,0.4204435222563366,0,1497.3700783122135,113.44630693279633
490,39,50.36900763648829,4203.148290081105,12,DSL,No,No,2,8,30,Bank transfer,Yes,6.860730773357746,0.06461078943508722,0,1152.893659867219,70.4992420195918
491,66,25.472114652727043,1718.5620657906293,12,DSL,No,Yes,0,8,10,Check,Yes,2.9926891881387085,2.243136236632467,0,0.0,32.65751294333242
492,69,22.323611515343796,7034.857617401122,1,DSL,Yes,No,2,3,64,Bank transfer,No,1.7367535532466454,1.02631373237813,1,1170.2658924559755,80.55157612430182
493,59,148.4039106656841,7048.6966541170805,12,DSL,No,No,3,8,22,Electronic check,No,3.707255449768907,1.6489031325753118,1,2531.750372066561,44.08468726573906
494,23,75.6105073856621,6977.569557863455,24,DSL,No,Yes,1,5,15,Bank transfer,No,3.020255824857425,2.026471393537911,0,993.1229312712479,134.57774314870545
495,32,69.96246413075862,1986.4900699141604,24,DSL,No,No,3,0,56,Credit card,No,5.96829138255865,7.186016120087546,0,3695.14542256928,181.63123599510135
496,71,108.35414675009908,3664.790819029806,1,Fiber optic,Yes,No,0,9,20,Bank transfer,No,4.216387631031662,0.14141553757091452,0,2219.612962360685,55.24584488269198
497,60,48.37300542245834,7881.418283512913,1,DSL,No,No,4,5,47,Check,Yes,9.693943681674936,1.0822868125083125,0,1983.1203034710177,58.25918728566497
498,54,143.4949539135293,6198.898562848924,24,Fiber optic,No,No,3,8,53,Check,Yes,9.671946394517656,0.5644551069193362,0,7571.4529885922875,107.16761567712665
499,50,122.22485187402177,314.62262768192255,24,DSL,Yes,No,1,1,53,Bank transfer,Yes,4.993437422082156,1.2952463340852531,0,6406.8958546201,81.95090579704679
500,25,31.62343030059374,615.1162709578872,24,Fiber optic,Yes,No,0,5,1,Credit card,Yes,8.155787145942337,5.063299796109789,0,0.0,139.14500062054572
501,70,74.28550085204068,3765.0578768174287,1,DSL,No,No,3,1,2,Electronic check,Yes,1.1194168677478753,2.5745948098390548,0,525.4572052851415,34.146673996949744
502,61,134.2853799830814,7282.839626306325,12,DSL,Yes,Yes,2,3,58,Bank transfer,No,5.930304262523224,2.1691204843897687,0,7661.753747326576,58.053544586703694
503,61,142.81516289788334,4355.744203826443,24,Fiber optic,Yes,Yes,4,7,19,Check,Yes,7.689692550762811,1.1640915061852923,0,2724.1698338488054,121.8118094899009
504,22,80.76219646248306,4032.7188134708927,12,Fiber optic,No,No,0,6,62,Check,Yes,2.9524890286660233,2.224079054079051,1,3242.6480861179166,109.38401446147851
505,56,99.74348059739201,933.2422296573816,12,Fiber optic,No,No,3,8,12,Bank transfer,No,1.5505457964934939,0.06582210670933972,1,1025.9200444012502,134.92280284072854
506,21,41.71441299196978,5288.562827321923,1,DSL,Yes,Yes,0,6,26,Bank transfer,Yes,2.4032704231581032,1.76493194777189,1,723.285211632467,119.17649543298442
507,23,148.85192139780696,6594.614968741781,12,No,No,No,2,0,27,Bank transfer,Yes,4.976632784564713,1.613870943383685,0,4254.663526796341,174.23967922894215
508,62,50.11732117984764,3105.3180593097422,1,Fiber optic,Yes,Yes,1,1,29,Electronic check,No,5.557342786806357,0.8512553221470046,0,961.9808915671022,90.01891157259388
509,49,142.55513063756632,6227.333622310087,12,DSL,Yes,No,3,5,15,Check,No,4.427966098978916,0.4500760028646568,0,2126.7007633031503,38.36337203172718
510,69,104.4540643690079,7719.365565816412,24,Fiber optic,Yes,No,0,6,46,Check,Yes,4.95976390338142,3.295895487040577,0,4831.312468105678,200.0
511,47,99.00578333425169,1709.755027108744,12,DSL,No,No,0,2,1,Check,Yes,5.232114636483532,0.11073392832345572,0,281.31043891535006,105.41112061208304
512,64,86.64950643214611,4234.304086438457,24,No,Yes,No,0,8,60,Electronic check,No,7.924929954409866,0.1444379920062057,0,5070.570628882508,91.94196209398542
513,52,49.98707552330863,2368.3898688681466,1,Fiber optic,Yes,Yes,1,6,57,Credit card,Yes,1.9471770826988715,1.1615012304555898,0,3006.628267706824,24.01510950972503
514,72,42.94864416071607,6363.549910367331,12,DSL,No,No,0,5,3,Check,Yes,7.920554204434564,0.5821878990036861,0,23.358829576429002,200.0
515,57,48.66320717912279,4662.9875904611445,24,Fiber optic,No,Yes,4,5,18,Check,No,7.197645720654983,2.736534960288305,0,894.6891650050477,68.84631378200947
516,69,44.236974078753086,5113.2010986474,1,Fiber optic,Yes,No,4,0,52,Credit card,Yes,7.674947285286863,2.0112828326651804,1,1794.6161679176073,121.56918228732277
517,33,121.34598156367792,6403.521860965563,1,Fiber optic,No,Yes,0,4,60,Electronic check,Yes,7.610215472877905,2.9615160045926965,0,7094.804989955363,156.45158475752524
518,30,65.51628369167491,3228.166734033394,12,Fiber optic,Yes,No,4,9,34,Credit card,Yes,5.235326342216053,0.7851341618815355,0,2375.6705796631254,18.71213332159156
519,67,27.519547953241528,7329.211540415641,1,DSL,No,No,3,2,60,Credit card,No,2.9026016610481005,2.6981431281593657,0,1718.1533915916966,57.40566341317946
520,59,145.98334191830548,4310.928051244506,24,DSL,No,No,4,6,26,Credit card,No,5.8296601387162355,3.9654027481569836,1,2590.1619967183724,110.92147464447117
521,47,134.89216504524535,1347.8431003992494,24,DSL,No,No,0,9,19,Credit card,Yes,9.621838482481897,0.8470784132634858,0,2429.3098167857993,88.68182193694867
522,36,140.6077968153777,5597.603033533539,12,Fiber optic,Yes,No,2,2,22,Electronic check,Yes,6.296731132540273,0.8307152193873087,0,2673.205756378149,148.08226108989302
523,34,149.33801694403658,6366.76466846221,1,Fiber optic,Yes,Yes,3,4,33,Electronic check,Yes,1.0994243069149985,4.604198500198167,0,4912.101367881418,123.49727768139918
524,73,42.60638239853335,2602.4172488334607,12,DSL,Yes,Yes,1,6,38,Credit card,Yes,1.5373981438875157,0.10214506527803538,1,1066.9294373341338,93.91795215050011
525,36,71.51146245734563,6871.716130290149,24,No,No,No,0,2,35,Bank transfer,Yes,9.93577090243197,0.8621487039756757,0,2630.7275377442134,200.0
526,45,118.57100184153187,7258.531712649555,1,Fiber optic,Yes,Yes,1,9,67,Bank transfer,No,1.6475172331549635,0.2526519529285721,0,8051.856716592435,2.609469754193128
527,72,110.48268034699299,2287.5454502846906,12,No,No,Yes,2,1,10,Bank transfer,Yes,1.414406440404087,0.05881764289340328,0,1318.8502643422107,0.0
528,43,40.00646782418116,7869.819634450254,12,DSL,No,No,1,5,15,Bank transfer,Yes,4.177218424227899,0.23952617904503473,0,821.4428741665981,115.54996439669921
529,54,126.05830624878031,1211.6210715851914,12,DSL,No,No,0,7,11,Check,Yes,9.723854829424031,1.1286138172435354,0,2017.7489442137098,127.47358642242986
530,43,49.17727433876588,1695.9237803796707,1,DSL,No,No,0,3,24,Electronic check,Yes,3.8680763835957914,2.322823488771699,0,1282.986577904538,165.88285915176402
531,70,49.096289926941,1555.3762299804064,24,Fiber optic,No,No,2,8,4,Electronic check,Yes,4.688957177877436,0.6829602990591788,0,24.29104182605508,67.98945839583638
532,40,89.80667497614377,7162.518709062177,1,Fiber optic,No,No,0,7,13,Credit card,Yes,6.70669355087709,3.789915413937577,1,982.4793401209643,140.0131671549427
533,26,97.08219152942141,5268.911163367199,1,DSL,Yes,Yes,2,6,57,Check,No,1.2170065539375803,1.1511394564717563,0,5854.865728484676,65.78524383522549
534,29,95.41120701891545,1301.6238374559557,24,Fiber optic,No,No,2,6,37,Credit card,No,9.079872197672692,6.898342968390805,0,3625.1941245763496,130.28317732640872
535,70,31.893288861708132,3578.555005109957,24,No,No,No,0,2,48,Credit card,Yes,5.674987157989889,6.165007479828591,1,646.7562947115994,112.26762287327861
536,18,134.06991214194943,4960.854398051436,1,DSL,No,No,4,5,71,Electronic check,Yes,5.201298154036522,2.9680456847870262,1,6774.346674255474,0.0
537,18,54.528005536531786,759.366271416128,1,Fiber optic,No,Yes,2,4,1,Check,Yes,8.746539959859675,5.3884572063652385,0,0.0,117.01274244293624
538,64,36.836939766764544,7071.089310417976,1,DSL,Yes,No,0,0,60,Bank transfer,Yes,9.57768930422219,2.4558212574487883,1,1282.7662941882163,200.0
539,51,135.53725038296704,6448.467929988128,1,Fiber optic,Yes,Yes,4,2,12,Electronic check,No,4.810827084821513,4.518729202170096,0,1663.7843592564236,42.045202055472565
540,49,144.23469476986793,4091.133511255442,1,DSL,No,Yes,2,0,21,Check,Yes,2.5519697136390764,0.5396154620684356,0,2723.7655936440688,59.69842777281639
541,71,132.07659024450857,7740.300260547447,1,DSL,Yes,Yes,4,3,11,Check,No,8.341383430018656,0.847523552401705,0,1657.4719135487253,105.61343878357377
542,65,125.23708971423414,3400.311736273288,12,No,No,No,3,9,44,Electronic check,No,4.629343791002384,2.796167697690705,1,4003.4781966849064,6.179624895913349
543,42,105.18145748307282,7874.4715203883325,24,DSL,No,No,3,2,58,Electronic check,No,9.419909855605894,1.105244930362996,0,6083.190745968401,174.53368719606345
544,57,91.6114581791881,5376.567990548654,12,DSL,No,No,4,3,44,Credit card,No,9.549090854478846,3.632031789965045,0,3920.8885134427583,53.30595414644057
545,62,31.308278788483317,5113.903058706138,12,DSL,No,No,2,8,34,Credit card,Yes,2.0334612854923253,4.20155707534817,0,1027.6616212636832,47.80282952907114
546,70,73.09891769919084,1411.0436728367015,1,No,Yes,No,0,2,25,Credit card,No,9.60898570599566,0.712577136385553,0,1625.2898929593414,200.0
547,18,68.44950721160082,7067.229290606688,24,Fiber optic,Yes,Yes,1,5,4,Bank transfer,No,4.314432929006088,3.4683114685983587,0,258.38917043024946,47.38725157926154
548,33,53.76799188884241,3477.1685345728597,24,Fiber optic,No,Yes,0,5,64,Electronic check,No,6.8162726589147145,0.33509669064276937,0,2872.259665387205,200.0
549,56,114.04461477951604,1381.6439056815868,24,Fiber optic,No,No,1,6,16,Check,Yes,1.3127507356064143,0.8135220294756664,0,1842.4558291576307,83.56441424442473
550,22,84.4638455602402,199.59940780849644,24,Fiber optic,No,No,1,8,10,Electronic check,No,8.999958466754494,1.4594769041187823,0,867.4824439201865,146.11557460815555
551,39,30.53600806799423,4522.069900743222,24,DSL,Yes,No,2,6,66,Check,Yes,6.774375964103784,0.513513811727825,0,2184.4064661057673,65.72694610029693
552,46,48.623816253475475,4266.457014769143,12,DSL,Yes,Yes,4,0,35,Bank transfer,No,6.7919902026077725,1.7315176450154572,0,1761.7958840703257,134.2734521826007
553,72,108.82363927574747,5782.893616716353,1,DSL,No,Yes,0,7,6,Electronic check,Yes,9.119585439797355,1.7287968577649926,0,848.4087880287846,133.66044287262218
554,20,29.897011733739024,7133.038618840637,12,Fiber optic,No,Yes,4,4,19,Check,No,5.575124574166089,0.46361922388959437,0,677.4494447515199,15.211739225958702
555,29,130.65689882633993,727.3120186799332,24,DSL,No,No,3,8,59,Check,Yes,4.694649763262955,3.1757574310069994,0,7916.06188483528,141.34021826324803
556,43,84.36904851181666,5878.822273688863,24,Fiber optic,Yes,No,2,9,53,Credit card,Yes,8.795158770630845,1.9974134915367698,0,4995.844583924793,94.06882552860152
557,33,82.47625505246424,1580.5543583708995,12,DSL,No,No,2,4,8,Bank transfer,Yes,7.681784606842584,0.7647490395374231,0,743.8134688093878,26.48510449695631
558,68,97.0130120057373,6879.598719941595,1,DSL,No,No,3,4,10,Electronic check,Yes,9.54078098468411,0.5284123565221355,1,715.8959129936336,105.89090281500783
559,54,127.20852557026939,6570.601759507083,12,Fiber optic,No,No,0,1,67,Credit card,Yes,9.461097039794794,4.219803788383901,0,8760.38099746168,200.0
560,39,65.2151970272851,4372.270664385801,24,Fiber optic,Yes,No,3,2,38,Bank transfer,Yes,4.440935481042162,3.612636818975607,0,2384.5311864827613,116.94557408167042
561,74,108.14209983267827,5710.918109124161,12,Fiber optic,No,Yes,0,9,29,Credit card,No,5.0228766112727605,0.5221080011009451,0,3112.2833419545864,81.1390560711134
562,46,93.54515531945283,2583.3658941516123,12,No,No,No,1,8,15,Electronic check,No,3.3038645841170062,0.07250910427739111,0,1487.3762534475065,38.55686018367471
563,31,54.713675122024775,3822.226401569236,1,No,No,No,2,6,23,Check,No,6.945831002247109,3.2647232872031764,0,1272.8975353522708,39.257787557529795
564,45,134.22189822617054,6590.931491912726,12,DSL,No,Yes,0,0,46,Electronic check,Yes,4.280877730799979,1.9116674812964056,0,6187.790006564022,133.10886326248522
565,22,123.66538280890066,3728.19505766839,24,Fiber optic,No,No,4,2,28,Bank transfer,Yes,8.07490581946904,0.21268205474575214,0,3642.5865593144813,106.14903361938232
566,64,105.59873850559532,2926.60629607099,12,DSL,No,No,4,1,26,Electronic check,Yes,2.0939568465781946,1.7703507795473419,0,2406.3562332415663,89.19968880947708
567,66,130.57562478225145,4004.2783332773693,24,DSL,No,No,2,0,10,Bank transfer,No,2.047625660491713,1.2036268301234982,0,1712.448063516962,78.92929375655734
568,47,132.7482461247743,6643.169094254025,12,DSL,Yes,No,3,8,47,Credit card,No,2.840098432774572,2.9793166532993216,0,6336.347571461305,44.7873991794557
569,63,112.08718697295453,2748.1435742298945,12,Fiber optic,Yes,No,3,7,4,Bank transfer,Yes,1.7586296959367214,0.4691291526669272,0,368.29648192896667,34.14438415454073
570,69,128.81173268727736,1472.716585772376,1,Fiber optic,Yes,No,0,4,55,Check,Yes,6.580284469104113,1.207186140568452,0,7410.255879470013,148.27736072376865
571,22,110.67129001700687,5724.910760613168,24,DSL,No,Yes,3,1,66,Check,No,2.3261748941506477,0.33978412223659116,0,7325.0119512632,63.92617637121131
572,29,108.41830032883905,6625.227880393846,12,Fiber optic,No,Yes,2,0,67,Check,No,2.439666257208888,6.317784125462666,1,5110.797992941803,136.47169283347088
573,33,100.41947916797396,895.0360803359133,12,Fiber optic,No,Yes,0,6,7,Credit card,No,1.128054013562494,3.016816937009629,0,659.9956976384917,106.56668069707614
574,43,117.85316314249336,1995.0054907719634,12,Fiber optic,Yes,Yes,1,1,55,Bank transfer,No,8.03881013161249,2.6690927816368157,0,6775.462705610646,151.7105779643654
575,43,40.61866368809958,1221.5787191118518,24,DSL,Yes,No,3,0,31,Credit card,Yes,8.31066449881133,2.3436997303557323,0,1257.3083784975088,119.39869322554833
576,65,134.5131986958607,2848.7371514991164,1,No,No,No,3,1,19,Electronic check,Yes,2.4582017472799573,1.1009925434663121,0,2444.067582049194,24.574386793069564
577,38,133.33965860688016,3657.77273335276,24,No,No,Yes,0,6,28,Electronic check,Yes,7.65571990840502,5.135248672339912,0,3933.2650347646145,143.21313216238917
578,56,23.80214679449269,6015.728062010121,1,DSL,Yes,No,4,6,28,Electronic check,Yes,4.901906108416236,0.15142438830282404,0,903.0511853968683,28.88883787637034
579,53,127.35617757341915,5244.0659205652255,12,DSL,No,Yes,3,9,19,Electronic check,Yes,3.156353946688522,3.2517350007831767,1,2015.1588244609027,70.57838292812392
580,50,36.75308277154788,5005.3356830796065,1,Fiber optic,Yes,No,2,5,20,Check,Yes,6.59246147266446,0.48473615835376166,1,641.2629672115971,97.29673930368438
581,47,63.56545105368845,2883.76207821627,12,DSL,Yes,Yes,3,4,13,Bank transfer,Yes,2.6063566691237634,0.7832071165644684,0,1055.6041627465797,147.06658442420564
582,54,116.656073317909,6747.435669369604,12,Fiber optic,No,No,1,2,43,Check,Yes,7.811952468877319,1.4655636312381632,0,4964.360514150429,78.3980851396422
583,40,40.898786486280066,3823.1686224455,1,DSL,Yes,Yes,3,2,11,Bank transfer,Yes,1.4285370481349653,3.0525387540985456,1,520.0805399340178,0.0
584,27,126.33571313547809,7834.929010319721,12,Fiber optic,No,No,4,8,48,Bank transfer,Yes,9.632178396351229,3.646932612290409,0,6212.618751689722,106.44057906703127
585,71,128.17744313450646,5109.7228925363215,24,Fiber optic,Yes,No,3,3,15,Credit card,Yes,1.6468772833776202,1.752853192677361,0,2028.7537008061288,27.012688782369516
586,22,85.9708053889087,1097.4914583595717,1,Fiber optic,Yes,No,0,8,17,Electronic check,No,6.215035773238208,1.0317952256164398,1,711.6276319746075,133.7733165065507
587,53,20.830163323188366,5441.802740395929,24,Fiber optic,Yes,Yes,3,3,54,Bank transfer,No,9.119748611101407,5.8562377719550405,0,1047.1940247433567,57.17609771444363
588,51,57.31495731273866,2668.3217219104217,12,Fiber optic,No,Yes,4,1,50,Electronic check,Yes,1.107140219630653,0.566109047751045,1,1996.8805046098817,141.3051088203158
589,69,100.20049938884648,5521.9848538201695,12,Fiber optic,No,Yes,0,3,28,Electronic check,Yes,5.486630148901513,3.250063492264208,0,2911.933188334747,115.56748106222933
590,48,147.55420314356505,650.1650704830054,1,No,No,No,2,5,4,Electronic check,Yes,4.150062678796119,1.8937556757356422,0,1070.364234319152,52.80322289069018
591,27,102.13575851216689,1481.563353690079,1,DSL,Yes,Yes,0,5,22,Check,No,6.222989712321182,0.9460805243370056,0,2418.83547053809,200.0
592,36,53.77446553834077,6860.3243453557125,1,DSL,Yes,No,1,4,39,Electronic check,Yes,3.0291164806389284,0.002737841816725598,0,1935.2014838410175,139.25008936513188
593,49,102.42074140294947,1894.7185004857677,1,No,No,No,0,0,34,Bank transfer,Yes,1.5840929550855227,1.1833458983184995,1,2341.5649414203735,182.14827584667984
594,18,90.19809936306122,6712.624889419227,1,No,No,No,2,2,44,Check,No,6.6333973316383625,0.6479177063100651,0,4246.689112444825,108.4583405991439
595,73,121.37990136964866,2306.2810987898424,12,DSL,No,No,3,4,42,Electronic check,Yes,4.751643155440622,0.2204035721610906,0,4993.1118147016705,83.3586356517678
596,22,33.90748304750459,5178.76708946379,24,No,Yes,Yes,0,5,40,Credit card,Yes,6.6023698483560675,0.15626595630251755,0,1560.0402214044532,107.98264401188464
597,62,118.93362732526364,5583.789530727665,24,Fiber optic,No,Yes,0,0,12,Electronic check,Yes,2.8948523215405864,0.8540670685934478,0,1450.647945950299,87.48519762425752
598,21,90.36465522789433,4149.972549845918,12,Fiber optic,No,No,0,8,2,Electronic check,Yes,4.0486713665813365,1.9077639680920735,0,147.45152256250338,128.30129988560063
599,33,145.1889605016693,2511.954345904177,1,DSL,No,No,0,2,28,Check,Yes,6.0551325042814925,3.6343922961208532,0,3963.477816055157,124.01844227563286
600,41,64.44338158502919,1779.8905733316594,1,DSL,No,Yes,2,9,67,Bank transfer,No,6.338015004922545,0.4056116563444248,0,3708.421662010461,200.0
601,33,102.24084610741326,362.19590104316717,12,DSL,Yes,Yes,4,2,71,Electronic check,Yes,4.350833269968387,1.1055324989314992,0,7367.050298466502,110.93293405125664
602,72,141.16365371630226,2501.176569801718,1,Fiber optic,No,No,4,1,10,Check,No,3.520478850549008,0.9950165233873863,0,1201.2105845610088,159.3269091477292
603,19,33.3262646387883,5259.986045197135,12,Fiber optic,No,Yes,0,7,57,Check,Yes,3.4633056653973626,1.440601074352948,0,1615.9235644579642,0.0
604,66,141.83970334073865,7512.608065743013,12,DSL,No,No,2,2,37,Bank transfer,Yes,2.572294162788086,3.3171226077354463,0,5297.6239639845,179.34940364166454
605,45,109.42514389910573,6982.515409878111,12,Fiber optic,No,No,2,5,64,Check,Yes,3.9286446609662846,1.613282335693708,1,5108.155022271491,0.0
606,49,28.81881768367235,6151.91173462889,12,DSL,No,Yes,0,1,40,Bank transfer,Yes,2.7949630331189796,3.7501288600653093,0,813.391089728349,56.314147481111036
607,44,59.12526370308611,6328.73401170106,24,DSL,No,Yes,1,6,60,Credit card,Yes,6.7043386560695035,1.4619130855223366,0,3748.1949237145723,33.00235844192494
608,37,112.06237152388661,5353.380737460363,24,DSL,Yes,Yes,0,3,48,Electronic check,Yes,6.121602984178806,1.8519114010593973,0,5198.352648520884,152.125280890773
609,41,28.75557819094032,2156.2661747714237,12,DSL,Yes,No,1,8,19,Check,No,4.443299413038281,1.1503131950833083,0,676.1421968344505,95.63654292772578
610,29,95.68215982291552,7266.840742576056,24,No,No,No,0,9,33,Credit card,Yes,3.9324701794365504,3.4642913878639328,0,3273.301114936579,144.20572114862912
611,67,64.96479740388438,5398.785264056089,24,DSL,No,No,1,8,44,Check,Yes,3.1385278017517826,5.14950183789861,1,1959.5870703499193,81.68500833230502
612,52,100.71901730977203,4527.480984745475,12,DSL,No,No,1,6,37,Check,Yes,5.819124780634071,2.0385566753500974,0,3732.5782273738646,174.8080128684694
613,50,25.94646439562667,976.8168067865005,12,DSL,Yes,No,0,7,36,Credit card,Yes,9.270124879111195,3.4383096867075107,0,854.8326535470144,106.52633635634601
614,50,133.29978479980892,3631.738796070761,12,Fiber optic,No,Yes,1,2,21,Check,Yes,7.171327462500434,0.1216313648827955,0,2852.002932181486,198.77876026342312
615,68,146.5535659930616,3736.830342495218,24,Fiber optic,No,Yes,3,4,2,Check,Yes,7.699732426320106,4.731300098252709,0,344.04835058917945,103.06082574252189
616,60,145.9541211871399,6930.052515229093,24,Fiber optic,Yes,No,4,1,31,Credit card,Yes,8.50940077290767,0.41878966625792113,0,4339.800716005196,200.0
617,54,117.45473812658021,4418.520939483529,1,DSL,No,Yes,2,9,30,Check,Yes,4.1647147600406385,0.5928279760130243,1,2194.983116030152,119.91306857841076
618,29,36.91121121698215,3105.164336866236,12,DSL,Yes,Yes,1,6,44,Bank transfer,No,1.5658820390303887,0.10960957484712468,0,1825.7641301853112,64.34397283616431
619,20,118.57421547077294,7816.722595234209,12,No,Yes,No,1,7,12,Check,Yes,6.603029229894799,6.727809955354648,0,1463.692721780175,115.12058591569448
620,18,23.196299139644196,974.6926872778938,12,Fiber optic,No,No,2,8,51,Electronic check,Yes,2.698050621052294,3.8212326305180633,1,1002.0751358818151,17.128610747636998
621,50,22.876061698769643,3438.1325836643623,1,Fiber optic,No,No,1,6,49,Check,No,6.121392849960996,4.887942601643777,1,650.5681603390057,133.93915095077642
622,57,62.06932848944036,431.9949338541018,24,No,No,No,2,9,24,Electronic check,No,7.655592098413583,3.7574624355914525,0,1324.7761961876138,89.03492776824888
623,27,83.52361475260655,5945.24255405875,12,Fiber optic,No,Yes,0,9,24,Electronic check,No,8.05274471933053,1.306048182884113,1,1200.8293422698184,173.63037217259557
624,60,120.15296431501312,7352.80476237329,24,DSL,No,No,3,7,60,Check,Yes,3.716552082227639,5.156201200767666,0,7173.026343306742,0.0
625,61,108.82839895884567,2312.2949034488665,24,DSL,No,Yes,3,8,11,Credit card,No,5.611899093123837,6.978275717315437,1,884.4679295006936,59.41155296303875
626,46,77.96735182897729,6880.899246713055,24,DSL,No,No,4,5,13,Bank transfer,Yes,6.588685866494731,1.3965887163176716,0,904.8106003352183,19.733429631224638
627,30,55.57146661661656,2408.5240206489925,12,Fiber optic,No,No,1,9,64,Bank transfer,Yes,8.375326495305597,0.38625898050737456,1,2802.566620890769,70.13554077125383
628,29,149.62618502050245,7295.0842769869305,12,Fiber optic,Yes,Yes,4,1,20,Check,No,7.8524979859445265,2.149532804291925,0,2864.0941418339107,130.1224922508424
629,48,75.40356929067649,6056.299038414593,1,Fiber optic,No,No,0,1,71,Credit card,Yes,9.891777888796332,7.413133093516144,0,5403.412646733867,200.0
630,63,78.68031316285781,6458.763537047365,12,DSL,Yes,Yes,3,3,28,Credit card,No,1.072762088770098,4.113746032822883,0,2026.4401507606422,0.0
631,19,41.271096754917,242.25178924359054,1,DSL,Yes,No,0,8,2,Bank transfer,No,4.937404967768197,3.9583263732021567,0,0.0,200.0
632,68,123.32524133749082,7706.201820884805,12,Fiber optic,No,No,0,6,43,Credit card,No,3.304400377385151,5.430694020580735,1,3694.822246188891,178.6395602048464
633,67,110.17868935159352,5840.700837355554,1,DSL,No,No,1,1,8,Check,No,2.0790404843038606,4.487731828222764,0,714.9023026654245,31.298537737597186
634,52,48.70004966253885,2507.5336535504534,1,No,No,No,0,7,13,Check,Yes,9.20363795350466,2.994734894013886,0,650.9837352249099,193.97128000267955
635,40,30.709535930059552,6652.217852384891,1,Fiber optic,No,Yes,3,6,35,Credit card,Yes,9.981658594861177,2.5336323326001136,1,840.4338130109393,93.84396916766065
636,34,108.4649092697127,2324.0174674779464,1,DSL,No,No,4,8,23,Check,No,2.6253658711425127,0.6151361190303107,1,1964.9599250484134,32.097898622620164
637,43,105.08645785654758,6994.755332572411,24,DSL,Yes,No,3,7,46,Electronic check,No,1.3459005352122724,1.9422332614962927,0,4617.9964728228415,74.86993216342711
638,25,55.52373850976721,989.3850842543025,24,Fiber optic,Yes,Yes,1,2,15,Bank transfer,No,3.4754900291245034,1.474150578565592,0,866.4245387629707,130.8037128399471
639,46,143.61226309255335,5659.1192219402865,12,Fiber optic,Yes,No,3,0,2,Check,No,8.513757262597561,3.96019308479652,1,188.6675432312511,94.46024853742806
640,43,39.63752593151703,4371.5179654947915,1,DSL,No,No,2,1,61,Credit card,No,3.645010748793851,1.353416382383706,0,2048.2528299306887,67.2984706520152
641,27,76.20352413553825,862.6223145439824,1,No,Yes,Yes,4,1,64,Bank transfer,No,1.512113324478594,0.27334180527724117,1,3188.1604619531977,23.185581390470603
642,43,142.67006962178786,2010.961243244828,1,No,No,No,2,3,52,Check,Yes,1.4724296555772691,0.00996977852703441,1,5288.179991410148,129.92081616544124
643,51,74.5645512003959,197.99188659078683,1,DSL,No,Yes,2,5,36,Bank transfer,Yes,4.846805221324928,2.2656195504757064,0,2413.7924804173226,0.6836331974246406
644,68,103.00837319633112,3803.266927169596,24,DSL,Yes,No,1,3,67,Credit card,No,9.386431507554578,1.5966082655527032,0,6886.876908016564,142.99574936518408
645,58,71.68727173516325,2479.995560004003,1,Fiber optic,No,Yes,0,8,69,Electronic check,Yes,3.5732839747566874,0.8038315420034096,0,4521.933250361206,183.21361704110623
646,24,55.647976305327106,4827.0241259522945,12,DSL,No,No,2,3,67,Electronic check,Yes,4.844419126309393,0.3701839417902221,0,3707.823938871454,134.9405305558822
647,21,147.91709423477766,2448.178680898076,1,DSL,Yes,No,3,5,47,Check,Yes,1.9174042484434768,1.2573997861827104,1,4455.770618080306,107.88743674586611
648,70,73.21342082095559,2469.360980905179,1,Fiber optic,No,No,0,5,2,Electronic check,No,5.44215513942083,0.21135773816247996,0,25.511133100657005,121.13431050342554
649,67,136.23289647828747,5971.2262699796665,12,DSL,No,No,3,9,44,Check,No,7.268923578571336,0.8192730604722301,1,4108.4254671747585,27.973229642268358
650,62,49.89409876584121,480.32840422899227,12,DSL,No,No,3,9,64,Bank transfer,No,3.4403532505949763,0.9535309783119837,0,3217.8274335194683,58.30720385828802
651,28,47.70361152326083,7232.870462016699,1,Fiber optic,No,No,0,0,28,Check,Yes,3.6704017767581627,1.2532912804541672,1,884.4805618739427,94.91643725568636
652,46,24.047430774986477,6832.884607690334,1,No,No,Yes,0,7,54,Check,No,8.577775228656442,1.2570451437767,0,1051.381152657481,200.0
653,73,104.71668729886505,5375.6569974886115,12,Fiber optic,No,No,3,2,67,Check,No,1.0932735011245938,0.5941336596343006,1,4667.769636089674,49.83734672862785
654,53,67.90842468408894,4786.450403848336,1,Fiber optic,Yes,No,1,5,36,Electronic check,Yes,6.728236376950873,3.7970550380213903,0,2121.8815681739993,155.69884067085584
655,42,132.3665724791528,7149.189735303253,1,Fiber optic,No,No,4,2,63,Check,Yes,4.544961714474553,0.8786959255416548,0,8380.391167071317,155.47929547319347
656,38,81.51728786990243,1564.108418276844,24,DSL,No,No,4,1,25,Credit card,Yes,3.6854246220532207,0.5216578904674913,0,2070.4028364000083,11.645937843098551
657,74,145.8651456289138,723.856381307546,12,DSL,Yes,No,1,4,48,Check,Yes,6.918344490194894,0.38670810333816763,0,7135.408633144626,14.360265664756696
658,53,44.118317041405746,1992.130342285351,12,Fiber optic,No,No,0,0,39,Bank transfer,No,8.512016696107347,0.778922888734809,0,1620.5860340074987,192.59682103951423
659,27,132.9210118342294,6377.168401731503,12,DSL,No,No,3,8,47,Credit card,Yes,6.025529046958063,0.1398856800803189,1,4026.23261160127,113.1206021648459
660,54,120.95759086292642,373.8951071392182,12,Fiber optic,No,Yes,4,6,21,Bank transfer,No,1.2798515974875042,0.06692231039297551,1,1714.8767268326724,11.533972729541393
661,26,120.21983980372676,4704.173997159568,12,DSL,No,No,3,2,30,Bank transfer,Yes,5.152610717430185,1.8584591415993017,0,3608.8045925995807,32.40822418228515
662,41,129.82181965519538,7963.956377911349,12,DSL,No,No,1,3,31,Bank transfer,Yes,5.164839468045757,1.9306843245995342,0,3791.526610844313,132.80967102291248
663,52,118.93311882258986,6859.999141316562,24,DSL,No,No,3,5,26,Credit card,Yes,5.8941864532414705,1.5082936065735975,0,2878.2931501642397,85.96615851207649
664,66,101.408641812084,4219.420943444356,1,No,No,No,1,2,22,Credit card,Yes,7.0386301093919705,2.87336724627658,0,2321.174737017365,151.41911241675035
665,52,37.061834098710385,602.7631833644746,12,Fiber optic,No,Yes,0,6,21,Electronic check,Yes,1.173865631809064,0.0798750721152067,0,798.4228253149547,34.74313189340285
666,65,24.22840333386275,6667.850763647108,12,Fiber optic,No,No,1,5,1,Credit card,Yes,5.518113619597754,5.4969041992961385,0,250.80228807787185,130.38468828201198
667,53,139.7102202160393,4831.930214599964,24,DSL,No,No,1,8,37,Check,Yes,6.294769924425316,0.19978459454295927,1,3962.914865294485,152.33492763602536
668,35,100.16454088769595,1007.9706767705779,12,No,No,Yes,4,4,46,Bank transfer,Yes,4.090180477744468,2.241856870105619,0,4307.007153627051,0.0
669,66,123.54984782690292,841.472550104514,12,Fiber optic,No,No,3,3,9,Electronic check,No,7.015287039313898,0.2863476670875337,0,1028.1750993204244,175.14312674773902
670,56,82.5979056966315,7286.05187354908,1,Fiber optic,No,Yes,4,2,17,Credit card,Yes,3.05359945416254,4.238951581569203,1,1007.6419711939867,71.15343434418473
671,49,35.25006456511128,5386.682077210819,12,Fiber optic,No,No,2,9,47,Bank transfer,Yes,3.8563509976070645,1.42961327212596,0,1729.4677144060825,116.39803227660968
672,41,36.27415298633156,6651.365714602369,1,DSL,Yes,Yes,1,0,59,Credit card,No,9.664798126818933,0.17175540190746508,0,2343.3512630367095,98.37185357792438
673,40,109.12348733976627,7043.933312229912,12,Fiber optic,No,No,2,2,54,Electronic check,Yes,4.132633337750261,1.9180004334810974,1,4270.592814316409,131.19031612087645
674,49,75.93976633693015,4617.001581181746,1,DSL,No,No,4,2,12,Credit card,No,4.118507986291705,0.018303386340362368,1,865.5800605425408,0.0
675,54,46.068214471043774,4187.826178864826,12,No,Yes,No,3,6,64,Credit card,No,6.361125722408037,2.992416485845897,0,2960.6377674169353,40.476674446010094
676,29,83.9072910763868,3500.3765415358225,1,DSL,No,No,4,6,6,Bank transfer,Yes,9.738777968740541,2.1029898264949183,1,226.70987313732292,113.07859517505992
677,66,28.34716181976743,2603.8780435498425,12,Fiber optic,No,No,3,0,53,Check,No,9.847724013577004,0.47810066544201124,0,1892.390880325142,119.98428383899777
678,72,95.65628224887185,3533.308090783823,24,DSL,No,Yes,3,2,16,Credit card,No,6.216921673086844,0.9392103490422277,0,1561.1655518344012,100.11023182330615
679,30,54.969142576562696,6213.649280268235,1,Fiber optic,Yes,Yes,0,7,5,Electronic check,No,1.0097831782443927,0.015674652508697193,0,226.47621488211985,183.4476075945111
680,40,123.68268308283446,4855.195105019539,12,No,No,No,1,8,46,Credit card,No,9.105908956915597,2.36627485218562,0,5474.959558775378,134.4379875214545
681,42,60.347054660064586,7150.933990643284,12,DSL,No,Yes,4,6,14,Credit card,Yes,6.132141681193433,0.7791878609489735,0,876.7524481284353,106.54221939342679
682,52,79.17861938063416,3602.702113595583,1,Fiber optic,Yes,No,3,6,44,Check,No,4.293967674609423,1.6953441321715366,1,2639.599482197496,68.01344495708082
683,58,21.510670188053084,4896.0076718781565,24,DSL,No,No,4,7,63,Bank transfer,Yes,8.462756269143444,6.280481811380219,0,1255.0791428234647,81.88281499476307
684,47,29.418095413292654,5087.329669426711,1,DSL,No,No,4,5,52,Electronic check,Yes,4.598492134151845,0.711826790688362,1,1044.1427633640103,12.874545736747649
685,34,71.02416233286903,4774.407582219972,12,DSL,Yes,No,3,2,26,Bank transfer,Yes,1.306400555802382,9.258492215442974,1,1342.471042766907,77.85731572006746
686,66,82.39204851322606,5650.806807375579,12,Fiber optic,No,Yes,2,0,53,Bank transfer,Yes,8.389650007513168,2.0033072240772527,0,4461.213525113462,200.0
687,37,98.00267125550948,1975.7244001609697,12,No,No,No,1,6,29,Bank transfer,Yes,5.9127346091778605,0.5543777483463753,0,2790.110443189702,118.69502554058428
688,65,57.91613523220942,4147.673842611746,12,No,Yes,No,1,0,19,Credit card,No,4.043291844017766,1.148162409411252,0,1021.684729709827,103.99593469141927
689,42,110.34764519645053,923.3759421859467,1,DSL,Yes,No,0,0,47,Check,No,3.2580313871846607,2.6976358935400944,0,5084.1869203408505,183.0712791000926
690,39,131.8159116345966,3137.6394883940193,1,No,Yes,No,0,8,8,Credit card,Yes,6.34417713473883,1.182907227556554,1,516.8498270004221,177.8935545759871
691,30,121.38062855613548,3952.5698421079887,24,Fiber optic,Yes,Yes,0,9,23,Electronic check,No,2.872445934025901,0.14193442559390337,0,2637.718849323016,117.93243732864514
692,36,25.15044729528643,5252.5716504092325,12,DSL,No,No,1,6,35,Check,No,3.914657979013029,0.3692973120986806,1,456.7726070266269,82.89882313464194
693,66,82.46590314351776,7609.195315431008,24,DSL,No,No,2,3,53,Bank transfer,Yes,6.7287727847258525,3.133693327460825,0,4062.2574497178757,172.051555260013
694,53,33.640923194362735,4845.143425732012,24,DSL,Yes,No,1,5,58,Check,Yes,8.933900053653389,2.090369079293833,0,2149.7624792246565,147.51770049982474
695,29,51.465852062128576,5974.391937794822,24,DSL,Yes,Yes,1,0,5,Electronic check,No,5.796012955524389,1.6871285719333402,0,329.2428079682737,177.05612375208983
696,58,148.26613712472903,4099.501870012102,12,Fiber optic,Yes,No,1,6,16,Credit card,No,7.831957584691833,0.3669371585585677,0,2400.7036173275033,88.6907886867076
697,36,38.52442057719672,5109.421847873017,12,Fiber optic,No,No,1,5,17,Credit card,No,7.8675454338673765,3.6373256251770307,0,915.8247467751244,103.60486806349965
698,29,84.85545994867628,660.3645074568101,24,Fiber optic,Yes,Yes,2,3,32,Bank transfer,No,6.9791855739344815,6.475103762865864,0,2858.94419488539,121.6774849839035
699,26,100.36024546135549,2109.6934886505915,12,Fiber optic,No,No,0,6,52,Credit card,Yes,3.212545039124659,0.08349296322580471,0,5060.809632673004,45.93999703707332
700,24,111.32044617073352,2958.639436320596,1,DSL,No,No,4,2,20,Credit card,Yes,8.801097383352177,0.16248924578536492,0,2461.0871356780112,85.91372679341623
701,45,92.75432885329883,3832.6975045514573,24,Fiber optic,Yes,No,0,0,66,Electronic check,Yes,4.926480900756099,4.320860784396559,0,6316.2380078137,75.43489964043985
702,31,21.270210164493875,460.6250894688315,24,Fiber optic,No,No,0,3,1,Check,Yes,1.3978966954213052,3.3807781506043137,0,0.0,24.94553780755703
703,48,62.439970071718946,1206.1903706712096,12,DSL,No,Yes,4,2,58,Credit card,No,3.2015140306257264,1.9243262053259504,1,2715.6189986320196,181.41174606832578
704,69,87.30251364001249,2286.833031551316,1,DSL,No,No,1,0,44,Electronic check,No,7.889935186893842,5.79957945969094,0,3747.860685740705,117.67074343584991
705,36,31.422644888828337,7775.1082581183,12,No,No,No,2,1,6,Electronic check,Yes,1.6222000223574042,2.0793508563593224,0,387.965517121665,53.925953749468164
706,64,65.58150105719349,2717.641356114101,24,DSL,Yes,No,2,4,50,Bank transfer,No,2.326279619394201,0.486654955701646,0,3211.4856994458833,80.62119190511072
707,33,24.31640414287765,3908.124359085452,24,Fiber optic,Yes,No,0,7,20,Electronic check,Yes,7.2480413443753395,2.608634979281737,0,379.66153831446115,83.89745413425288
708,70,30.215204630152698,1649.171930633304,1,No,No,No,4,0,14,Bank transfer,No,9.033407107547864,2.07528093047692,0,336.95804048424367,87.18385321609642
709,22,71.60002590620749,4925.16256149857,1,DSL,Yes,Yes,3,3,5,Credit card,No,6.703588045518732,8.50125330518786,0,163.5664883012301,191.34916278922222
710,52,37.25304802559785,2317.397402576197,24,Fiber optic,Yes,No,1,3,41,Bank transfer,No,3.0006194844659912,0.48133168885525873,0,1231.3037134489327,117.90993502029029
711,29,93.78031027400256,1735.2413696635715,12,DSL,Yes,No,0,4,40,Electronic check,No,1.4807238692459375,1.822034006729576,0,3251.4129189905802,149.14987807557412
712,42,109.63044598784455,4180.923764723235,12,No,Yes,No,2,6,34,Check,Yes,6.536139242952806,3.029778974701789,1,2398.2700145108483,182.96876561036984
713,69,124.07627088418077,143.4958133673245,24,Fiber optic,No,No,4,7,45,Check,No,1.426587201380476,0.8279517120112303,0,6109.556845832265,40.94517192924069
714,38,46.01953175182531,160.54585792888008,1,Fiber optic,Yes,No,4,5,71,Credit card,No,6.514498467475813,0.9550382659688484,0,3363.038932125103,66.05371241223551
715,53,41.77273569367907,1830.6435919046764,12,Fiber optic,No,No,0,0,71,Credit card,Yes,3.0302194974498553,4.376760696084482,0,3338.7087560096957,52.54903309768399
716,70,33.59381924347203,390.098763756487,1,Fiber optic,No,Yes,3,6,27,Check,No,9.141904561679468,1.0356832891913548,0,843.3930013564662,90.99056415470342
717,40,102.73593244067277,953.4034576324618,12,DSL,No,No,2,2,44,Bank transfer,No,5.2758340163862565,1.9602342233990526,0,4426.716723894308,98.0817839143076
718,33,111.84184444329715,2776.9991297761376,24,DSL,Yes,No,0,5,33,Credit card,Yes,3.015445899787261,4.400745530851069,0,4034.0889981329774,68.75966671534175
719,74,24.106198827333465,6440.426868680522,12,Fiber optic,No,No,3,7,33,Electronic check,Yes,8.678307849027323,0.4710056850714797,1,632.0056785815691,180.6877332607873
720,56,141.70759201167968,4619.184282617477,24,No,Yes,No,4,6,44,Credit card,No,3.286318586027575,8.02117956316822,0,6044.078948775344,103.40527682924613
721,62,26.756266874691413,4150.07503505569,12,DSL,No,No,1,9,20,Bank transfer,No,3.7593916887238796,2.421011756715792,0,661.7088343935693,137.35224221360932
722,70,90.36852358913916,2418.561703344161,12,DSL,No,No,2,5,36,Credit card,Yes,8.508501091499102,1.370840993391929,0,3503.4437729316396,117.25787671905391
723,59,112.17786752861913,7460.8543835192495,1,No,No,No,2,8,7,Electronic check,Yes,3.7791282682053637,1.1274704977795096,0,499.6705860686143,24.581433612933054
724,56,133.22598608699113,3236.418825773814,12,Fiber optic,No,No,3,8,32,Electronic check,Yes,4.691473923075736,6.174143777253673,1,3077.193754710738,134.93186709546092
725,31,112.83130117721561,788.0328576865948,12,DSL,No,No,0,0,67,Electronic check,No,4.128991036829799,0.4606506259012417,0,7287.352223558318,149.7999925283575
726,48,124.22465079907293,4974.82547733063,1,DSL,No,No,4,0,39,Bank transfer,No,2.0476028604733827,0.7470123290019243,0,5084.112446025635,95.03494150150081
727,22,64.12852503056479,999.3233084651512,12,No,No,No,3,0,24,Bank transfer,Yes,1.3500623102214353,0.735739763998175,0,1585.224287117862,96.76286521092253
728,52,125.9272647870466,2827.2628281333673,12,DSL,No,No,1,7,70,Electronic check,Yes,7.520866066548832,0.6821835176621064,0,8940.840766868503,139.69829125024893
729,40,30.414930030007767,4108.55431587069,24,Fiber optic,Yes,No,1,9,54,Electronic check,Yes,6.806234115421486,1.2642473292014293,0,1598.9174345444242,200.0
730,46,136.3261652878686,7006.357945012889,12,No,No,No,1,6,38,Bank transfer,No,3.5412946079685144,9.052576291164236,1,3269.95551081264,62.46067324724572
731,60,91.18700889998571,3999.0179846869373,24,Fiber optic,No,No,3,2,32,Bank transfer,Yes,3.6603921248639066,4.392611799791096,0,2829.697852753872,62.836659406851915
732,28,126.24871009512418,5647.844251650147,1,No,No,Yes,4,1,45,Bank transfer,Yes,9.505052047078133,0.7948437882684753,1,4162.8022727909,195.0983464643911
733,35,78.80137698737902,7943.253028092656,1,No,No,Yes,2,3,61,Check,Yes,9.88904014510143,1.0993758701702432,0,5205.609752733823,144.2154919361817
734,64,103.66510037554825,1138.764047194055,12,Fiber optic,No,No,0,2,70,Bank transfer,No,5.2609141291032415,2.2141807307377,1,5136.0479363795985,129.79064135885008
735,29,88.43234592169472,2270.379051604204,12,DSL,Yes,No,2,6,53,Electronic check,Yes,8.222065709333442,0.03460094920661796,0,4549.643818287383,105.1261689347287
736,26,115.10663782819314,3217.1509972214067,1,Fiber optic,No,No,4,9,51,Check,Yes,7.630172882824288,3.4313049040625776,0,5977.579084891337,108.00651370978227
737,27,30.611897663976645,3432.442610456768,24,DSL,Yes,No,2,7,56,Bank transfer,No,3.6758593856084225,4.237164189762365,0,1882.2452160398598,66.94263378046298
738,61,27.845770918773294,3347.0664945978115,24,DSL,No,Yes,3,5,27,Electronic check,Yes,1.527064394684305,3.8926251405752303,1,552.8358179798288,35.138848556659624
739,34,52.12342042131904,7270.126920196783,12,DSL,Yes,No,1,2,38,Credit card,Yes,2.28300631421446,0.9401813040979354,0,1994.9328174765474,130.4048313337174
740,55,40.740808414714486,5740.857891288166,1,No,Yes,No,4,5,62,Check,No,8.54464705300687,1.2397916062817227,1,1810.872736862673,98.02003474345683
741,24,133.33186365698623,4902.45119131656,24,DSL,No,No,4,1,18,Electronic check,Yes,7.58092437996653,0.024931393716434238,0,2408.6836213121514,47.17504552700821
742,63,48.497818356545764,2544.0444711159785,12,DSL,No,No,2,6,64,Credit card,Yes,6.979013600160501,1.01963675589534,1,2232.2584550073793,109.43292968304588
743,30,146.86248325648705,6607.944035348228,24,No,Yes,Yes,3,9,30,Electronic check,Yes,2.175839485269835,1.2339537275078394,0,4771.387148109393,115.13329098029747
744,57,63.79645293024389,7644.978040731413,24,No,No,Yes,2,6,49,Bank transfer,No,6.759376187054722,4.749758810813919,0,2719.3655804609425,144.34031679201897
745,59,43.67532903953091,6587.46643214679,24,Fiber optic,Yes,No,2,3,41,Bank transfer,Yes,7.9493709834380395,4.488399812643391,0,1742.9973517369906,200.0
746,26,122.6608059285223,112.36433101263594,12,No,Yes,No,4,7,13,Credit card,No,8.745415748742616,6.76850732653864,1,929.7425085846884,52.398329532813705
747,67,105.6320108151139,5127.570824448915,1,Fiber optic,No,No,2,3,34,Bank transfer,Yes,1.119081512742564,4.32747296281823,0,3827.648979827119,123.46414083929206
748,44,84.76544313890807,503.96951339259573,12,No,No,Yes,1,6,25,Electronic check,Yes,7.1602759169063,0.01646904044081598,0,2090.9596445418256,91.85636403704345
749,19,92.19726162189205,2135.0970406364027,12,Fiber optic,Yes,Yes,2,3,66,Credit card,No,1.17187890042884,2.0514348527775192,0,6196.960222151672,8.75538515038356
750,22,113.4962311753943,570.2451327473964,24,Fiber optic,Yes,No,1,4,18,Electronic check,No,7.361855609890947,0.14135504321913492,0,2328.3935167222708,91.74165904220536
751,46,49.69911637306883,4869.984078300163,1,DSL,Yes,No,4,6,5,Electronic check,Yes,6.7205922825880435,0.6365417832143535,0,32.29366074274412,82.33525143042752
752,54,149.52340908737645,5524.060316591594,1,DSL,Yes,No,3,9,19,Electronic check,No,2.3351307662707526,1.7269584211383922,1,1883.157813285477,98.07862362134003
753,55,146.7231110790818,1004.4523407206505,24,Fiber optic,No,Yes,1,2,42,Bank transfer,Yes,7.895095762106172,2.4120419234550337,0,6427.187139297155,157.68154832617762
754,36,104.5423392251018,3132.327176055338,24,Fiber optic,No,No,3,9,18,Bank transfer,Yes,1.6151285637072204,2.126289677621506,0,1657.5495497837449,33.2569445413132
755,25,45.940518620788865,3704.268420748782,24,DSL,Yes,Yes,3,4,32,Electronic check,Yes,8.437588963701701,0.10060518618550134,0,1371.3405257687702,58.890141710293584
756,65,108.42967151606787,3015.518871911241,24,No,No,Yes,1,2,21,Check,No,3.357363203634061,0.21874570770712495,0,1956.9520019089432,141.1254722073851
757,62,29.38579316729286,1056.097503833025,12,Fiber optic,No,No,4,4,10,Electronic check,Yes,7.199666760705985,0.2752780644306263,0,566.5306016876405,133.77846587511368
758,18,23.984825286754788,3409.687542481056,12,Fiber optic,Yes,Yes,0,2,37,Electronic check,Yes,9.313204069196832,0.19173229754618873,0,771.1892228937725,183.4198128798941
759,39,53.498775506457775,6034.306577686503,24,DSL,No,Yes,3,9,49,Credit card,Yes,4.05844322206104,0.3926002221167561,1,1905.2400932809246,7.851614577012569
760,69,80.14098437611112,660.9605498127182,12,Fiber optic,No,No,3,6,13,Electronic check,Yes,5.526046701463772,2.3326334966026905,0,1177.0288617382366,121.64383009598708
761,34,132.87542570308946,733.4221112470373,12,No,Yes,No,4,0,55,Bank transfer,No,5.168062305554053,3.553788033127972,0,7147.501039586701,142.70673557417007
762,24,114.53197906962004,2902.6932055042753,1,No,Yes,No,4,8,17,Credit card,No,2.418502141565813,1.0512488086712037,0,1566.2436278441714,111.9988607314165
763,42,116.55184775599753,7539.633121789508,12,DSL,No,No,2,8,9,Check,No,6.312808094416855,2.3603921581840477,0,1005.0738103350251,74.617614469049
764,62,75.3141334782498,5381.723909111021,24,Fiber optic,No,Yes,4,4,44,Credit card,Yes,7.687017266688532,0.44632775620616133,0,3266.6563203938454,111.3113809235682
765,21,64.97154903110518,5461.492657713262,1,DSL,Yes,Yes,3,8,46,Check,Yes,9.251873460314373,7.244697210465583,1,2079.9831830821113,78.28839978138573
766,53,68.23503918799835,2959.1679276191335,1,DSL,Yes,No,1,9,8,Credit card,No,8.657223414845616,0.861558210222873,0,534.8837150451137,81.13971552984374
767,23,148.39444328568752,4789.920250547453,12,No,No,No,0,5,37,Credit card,No,5.590174417552285,3.7398776087808,1,3743.6615126326706,200.0
768,48,25.214194883622724,180.0363538191727,1,DSL,No,No,2,4,19,Check,Yes,7.471154390607413,5.8142113998050124,0,371.5622424193679,145.99759485871934
769,36,132.71409449591832,5125.1587666353835,1,DSL,No,Yes,1,2,63,Bank transfer,No,8.207050720365036,4.000727897009633,0,8420.52865900581,200.0
770,61,95.22780311441115,7314.96688585227,12,DSL,No,No,0,7,46,Bank transfer,No,5.441398423645139,0.13884518090646447,0,4215.707465256977,61.289932885611506
771,71,77.02000449464677,4939.330399924072,24,DSL,Yes,Yes,0,3,71,Bank transfer,No,2.0388480463384098,2.101400204229396,0,5449.355629501857,121.73173811615897
772,56,114.28349585396775,7002.218888384125,12,No,No,No,0,9,26,Credit card,Yes,4.941376874626338,0.25587290494406945,0,2858.7791459212667,137.94596830450104
773,44,83.26696238521137,5819.387138182141,1,DSL,No,No,1,2,46,Electronic check,Yes,8.582302343814083,0.011358192216464684,1,2740.3172375324552,106.0494876072813
774,27,133.54502095061588,1052.411489589153,1,DSL,No,No,2,5,46,Credit card,Yes,6.369772648543615,0.10634473631025543,0,6364.786219791985,180.350104489609
775,43,137.0912423214636,7229.381127558149,12,Fiber optic,Yes,No,2,7,14,Electronic check,Yes,7.520125393084051,4.95743241507897,0,2149.1529471242943,96.88499726694396
776,36,74.8237204935492,624.9063704106215,12,DSL,No,No,0,8,63,Electronic check,Yes,2.6674121993732878,4.782035269856573,0,4971.752565601134,120.02106220086091
777,56,55.9876136405567,4318.343033127334,24,DSL,No,No,1,5,3,Bank transfer,Yes,9.679039913899052,0.5119130838682312,0,101.14428585324636,119.91940017860907
778,20,97.00554271713709,1222.8832779683155,12,Fiber optic,No,No,0,4,28,Electronic check,No,4.6367247654397845,1.583996589272105,0,2666.1457977136065,65.37342223066622
779,62,138.60723493016982,192.48222477414214,24,Fiber optic,No,Yes,4,1,29,Credit card,Yes,6.882719704459561,6.203442073743945,1,2559.93640639081,137.7147623448923
780,30,47.38608457073666,3434.0706550083482,1,DSL,Yes,No,2,1,18,Credit card,Yes,1.1698502913154474,1.3731620885720661,1,528.55486002483,95.31235470074144
781,67,100.98565586325276,2430.8215904678345,12,DSL,No,Yes,3,8,35,Bank transfer,No,2.145873360297622,1.0003577380921729,0,3473.1303904242736,60.02957123837043
782,45,102.10282861202768,3939.403901001064,1,DSL,No,No,0,1,47,Check,No,8.038308428964271,1.3203871063510164,1,3235.7535342118213,147.39803467681696
783,37,115.30469291398653,4659.879105202951,24,Fiber optic,No,No,4,1,5,Credit card,No,9.711725009682292,3.123351424800885,0,452.1648358853858,132.28528224343844
784,45,37.10379906654377,445.53867124068415,12,DSL,No,No,2,2,59,Electronic check,Yes,3.880498195499304,1.2974096040195306,0,1849.584506890315,158.35585744511525
785,25,113.05724540867152,1071.7260314775904,12,Fiber optic,No,No,1,2,59,Credit card,No,1.3346266144713836,3.0582767642449764,1,4400.881716233654,55.4865359588135
786,58,138.17422768653333,4513.27493195836,1,DSL,No,Yes,2,3,47,Credit card,Yes,4.247799417821238,1.1302026719042195,0,6503.097418782816,122.99602834201445
787,56,43.35880415313146,2811.022090064,1,Fiber optic,No,No,1,6,13,Credit card,Yes,1.1572131725110237,0.5807197657396032,1,410.9797790494422,86.38221793054117
788,18,50.88063224010409,5860.470551640639,12,Fiber optic,Yes,No,1,8,33,Check,No,2.731357830362222,0.7904535874087788,0,1775.6720378225953,73.63013395810088
789,20,146.28136222541315,5253.1040238763235,1,Fiber optic,No,No,0,1,62,Electronic check,Yes,7.772248135483646,0.1620372074576463,1,6296.8322265394,76.90015310893881
790,30,43.52700385223367,6780.274467620264,12,Fiber optic,Yes,No,0,3,16,Bank transfer,Yes,9.433795582958465,1.3758462769572348,0,698.7629092022381,165.87073898587582
791,45,131.07006213804527,5570.69333068688,1,Fiber optic,No,No,2,8,44,Credit card,Yes,1.7870417593199799,0.32059790832090396,0,6017.1846438869525,93.93076030499287
792,74,83.99612133824452,3496.4555113821702,12,Fiber optic,No,No,4,1,58,Electronic check,Yes,6.0211070092945835,3.3378133473361906,0,4861.194872858882,101.36747702810204
793,66,52.14003967241302,5416.436316916016,24,DSL,No,Yes,2,9,6,Electronic check,Yes,3.2849276151162874,1.0914918509926503,1,92.57433719598029,0.0
794,42,133.19748716542648,2275.5112766178063,24,DSL,No,Yes,3,0,15,Bank transfer,No,2.251532132145366,2.896359308426718,0,1759.7727266698407,135.3650144298461
795,73,77.88968315034651,2519.8766403478803,24,Fiber optic,No,No,1,9,4,Credit card,Yes,2.9708220690240177,6.178347213181466,0,471.05470532507206,164.1625848169294
796,50,86.92625601085973,6332.982763374267,1,No,Yes,No,1,7,56,Check,No,6.1998676074793675,3.787291383983901,0,4527.201855931207,108.12407591075775
797,55,66.70033802196954,3626.7141795724992,1,Fiber optic,No,No,0,8,64,Electronic check,Yes,1.5862105129956494,6.050885780165253,0,4101.137909468431,200.0
798,70,97.08361068654057,6407.2046900949845,12,DSL,Yes,No,4,6,68,Bank transfer,Yes,4.907967365515757,1.6783655459819824,0,6685.4013932720545,19.786229179020175
799,23,41.25810343605296,6597.136751979399,12,Fiber optic,Yes,No,0,7,34,Check,Yes,2.2170506585964747,0.36142434664642104,0,1021.4648814556401,33.13145613028317
800,61,70.84059976472889,6874.742467524142,12,Fiber optic,No,No,3,3,56,Electronic check,Yes,3.4540934715503333,5.478956482838786,1,2654.08055320123,22.891657657058573
801,62,146.02360190358738,7341.418363145538,1,DSL,Yes,Yes,2,3,32,Credit card,No,2.716788967689375,4.057563632980656,0,4698.588762173943,94.99125032374506
802,49,53.55734625114658,3504.7832420550403,1,DSL,Yes,Yes,2,1,9,Electronic check,Yes,8.946779498478074,3.9962834247875016,0,405.34858542020174,49.65682042897545
803,62,105.37576639036799,2619.047864736997,1,No,No,No,4,7,63,Check,Yes,7.372101977841606,2.3636036630324915,0,6442.1354970875345,62.43117316227607
804,64,62.274708349210336,4699.370098093499,24,DSL,No,No,0,1,33,Check,No,8.816163210527234,1.9612119542050515,0,1936.3765105478253,200.0
805,38,120.55150633925808,3032.2621451572577,1,No,No,No,0,8,21,Credit card,Yes,4.451165510929233,0.029666728518427877,1,1935.5040085178994,36.41810363744686
806,33,37.01357589338548,4848.48591772184,12,Fiber optic,No,No,3,3,55,Credit card,No,3.820720283683031,2.757081548730907,0,2402.02215229205,49.21028679029902
807,71,146.07673586021082,5674.128314886215,1,Fiber optic,No,Yes,2,0,57,Bank transfer,No,4.425284754079904,0.1919980924988561,0,8354.271680350737,53.5988630289441
808,38,78.99264037987311,5538.399646087882,12,Fiber optic,No,No,0,3,2,Credit card,Yes,1.166933761519667,0.6015371531549902,1,0.0,86.09461337795902
809,28,50.68656023504032,3058.9678074589588,12,Fiber optic,Yes,Yes,4,2,13,Bank transfer,Yes,7.522338476337024,1.6036499194095157,0,772.545738477643,76.7708517827226
810,54,29.554577152901643,1418.1955934201474,24,DSL,No,No,2,5,4,Check,Yes,4.147952112055705,1.2019842545133073,0,38.941605700473445,54.7055554097983
811,53,42.0685276613803,3501.1817738514396,24,DSL,No,No,3,6,50,Check,No,3.8199142321911252,0.03180025904534012,0,1884.3418126213246,59.744075839055014
812,52,87.57061331228229,1226.493738247079,12,Fiber optic,No,No,4,7,48,Electronic check,Yes,6.383269588334796,3.4743727847733004,0,4043.3348287045173,101.72643618425424
813,36,63.810412936067216,7131.766577952086,24,No,No,No,1,1,30,Electronic check,Yes,4.9262492053883475,4.220642220755121,0,1762.7544185176403,190.67728563317004
814,37,127.75483756473923,2832.4319398290736,24,No,No,Yes,3,5,29,Bank transfer,Yes,9.827590314015087,2.2906088544960053,0,3422.7207688218687,104.39944820644709
815,74,76.01537807603478,1320.232003064258,24,Fiber optic,Yes,No,4,5,8,Credit card,Yes,4.206277386089212,1.5577058401239503,0,595.5092691870049,58.93947713914967
816,35,52.33285543639189,301.03730325543194,24,Fiber optic,No,No,0,9,12,Credit card,Yes,6.5250625798712205,6.474988091574269,0,993.6236250986678,148.3632920579553
817,64,100.22884825852391,5201.996851663225,1,Fiber optic,No,No,1,4,41,Electronic check,No,3.8048599054868655,0.2555672176511173,1,2656.729726819068,41.6499584123701
818,58,111.88103819510796,5131.528307892471,12,Fiber optic,No,No,3,9,26,Check,Yes,9.91535482189591,2.6781350550301912,0,3268.3763981043076,99.6902885170685
819,66,41.715448027123486,2790.772915992204,1,Fiber optic,Yes,No,0,9,50,Bank transfer,No,5.005999312481153,0.27475897501084195,0,2127.3957368514025,87.77146960921871
820,31,41.79049811748129,666.523921896443,1,DSL,No,No,1,6,2,Check,No,6.707159297801226,0.9620314372505766,0,65.00153854374592,168.2539230703525
821,32,24.767285501360586,3336.068269672333,24,Fiber optic,No,Yes,2,2,55,Check,Yes,2.1404950385740937,1.7612898655587408,0,1297.8087195616038,168.71523290788434
822,48,115.73226195853327,2558.6182110008094,12,Fiber optic,Yes,No,0,3,56,Credit card,Yes,7.597217933772923,2.67186945274685,0,6319.777836184785,112.92461681203199
823,18,106.29458859083466,5449.253053906574,24,No,Yes,Yes,4,9,14,Bank transfer,Yes,3.422890520880598,0.007446044252246661,0,1546.494760638588,104.38263567308266
824,70,81.7020138474758,4885.656070676254,24,DSL,No,No,3,8,6,Check,No,5.037519275467047,0.603826747823147,0,594.6078925240164,0.0
825,71,129.74215836599564,2980.290452760566,24,No,No,No,1,3,61,Electronic check,Yes,8.948197560947122,1.5452484592728397,0,7429.2430774640225,157.6192647197006
826,71,124.7371198835069,1821.3511786144218,24,Fiber optic,No,No,0,2,12,Electronic check,No,9.734972633965914,1.5223111271787715,0,2005.4531064356124,184.87962155035945
827,20,96.09606737157777,7905.484132629175,1,Fiber optic,Yes,No,2,1,13,Credit card,No,4.821148916563213,2.030159303172143,0,887.05160268062,31.373469140158434
828,33,132.87526646672362,3686.6128074493076,1,DSL,No,No,3,4,19,Electronic check,Yes,8.513224011590498,0.7243905369141954,0,2420.1643023267916,69.68445301313491
829,40,46.75935730477987,5537.366462663873,12,Fiber optic,No,Yes,3,3,44,Electronic check,No,1.4801409509487469,1.5553599954609982,0,1545.7541495450284,11.555085334124414
830,74,34.549550521704624,1210.3684438690502,1,Fiber optic,Yes,No,0,7,59,Check,Yes,8.628166268112363,0.4209156564430705,0,1984.8416311074616,82.45536866939752
831,28,55.06744949720865,3936.1586273092425,1,DSL,No,No,2,6,37,Electronic check,No,6.665592899373847,0.4137340078598861,0,1945.2028562252178,0.0
832,29,27.42129129161093,317.54008696877736,12,DSL,Yes,No,1,5,25,Electronic check,Yes,5.398355515524417,1.7187056230667555,0,583.1936087304034,102.82437171263155
833,27,89.05203864013416,4093.095431492555,24,DSL,Yes,Yes,0,1,16,Check,Yes,9.00967334623523,2.313368073347207,0,1485.6993526208967,164.73869502952016
834,49,141.758739998345,7715.737516229849,12,DSL,No,No,1,2,38,Credit card,Yes,8.608035002557724,0.2565759648442819,0,5338.069775398363,143.13300639019127
835,33,25.114660286906254,3135.233032587822,12,DSL,No,No,3,9,43,Credit card,No,3.672505863582148,0.2620175015351439,0,1187.614152236223,95.66535213184977
836,25,35.87428882130348,408.06849934180156,12,Fiber optic,Yes,No,1,8,14,Bank transfer,Yes,8.123395441102819,1.666210665083972,0,254.77389425541372,29.09559755084416
837,55,78.78587367684659,344.55074826281384,1,Fiber optic,No,No,2,8,6,Electronic check,No,1.8954184029613534,0.6296838419095078,0,488.1918974278906,42.11084132973582
838,29,141.40375227862762,3165.095403580269,1,Fiber optic,Yes,No,4,4,23,Check,Yes,8.40487541920633,0.9964740614248491,0,3125.9501123773057,200.0
839,41,61.10029364697757,1364.196998059233,24,Fiber optic,Yes,No,2,2,60,Bank transfer,Yes,7.079100562209255,1.024147630357693,0,3591.9497295120086,164.97060014581342
840,45,85.94052512949102,284.48156099266873,12,No,Yes,No,1,1,12,Credit card,Yes,1.7907969783874846,0.3933753768272802,0,1085.3560313899957,140.94955928848466
841,70,25.404471676550973,6074.087550206397,24,DSL,No,Yes,0,7,13,Credit card,Yes,7.147721561267218,0.00263099663849131,0,229.39698551298451,85.35204939600071
842,25,39.28461612507155,3722.331770166936,1,DSL,No,Yes,3,5,6,Check,Yes,6.224673490087332,3.836711893409256,0,214.67454993499328,80.00219270471625
843,45,148.2619159846501,2385.033698583971,24,Fiber optic,No,No,4,9,63,Bank transfer,Yes,6.350950910305404,2.510546014300582,0,9109.651624904278,0.0
844,53,145.46543053668591,7210.657145830198,12,Fiber optic,No,Yes,0,6,38,Bank transfer,No,3.617775416167287,2.3458435531501114,0,5746.788806463247,140.2163186945474
845,43,20.64219752147325,1017.4977855841523,12,Fiber optic,No,No,0,0,50,Check,Yes,3.3984748001156073,1.5815426787984432,0,1177.7986826725864,197.20275183541327
846,25,143.73553210502106,7651.758748747022,12,Fiber optic,Yes,No,2,0,52,Check,Yes,7.86281600848618,2.414420442071799,0,7494.244380824045,60.41264762078764
847,67,103.08559191601505,2580.3370672810875,24,Fiber optic,No,Yes,1,9,40,Bank transfer,Yes,3.311321329155152,5.488029821072739,0,4074.891672875374,26.54635451956257
848,45,132.82937828760288,7118.389011238582,12,DSL,No,No,2,1,8,Credit card,No,5.016360266289087,2.1912758503279846,0,1041.7607053315826,105.5294804551015
849,45,79.11618123240169,4863.248724187746,12,DSL,No,No,1,9,61,Electronic check,Yes,7.253100987389063,0.6160182877321432,0,5040.89172967936,123.68950799316376
850,54,87.02748371530254,6630.9881419577505,24,DSL,Yes,No,2,2,8,Credit card,Yes,1.7165462619469398,1.6905467302469237,0,827.7409834499891,50.64609614321608
851,58,83.55005543339962,7873.703989362668,24,DSL,No,No,0,0,34,Check,Yes,6.350935443504915,1.1679557074011107,0,3058.870750719475,110.03900459091139
852,53,106.69235348099356,2378.402958768091,12,No,Yes,No,3,4,60,Bank transfer,No,6.3043873538330555,1.6257503027588949,1,4412.700631618635,53.202235669958
853,44,38.15466311832068,7692.970334719985,24,Fiber optic,No,No,1,2,57,Bank transfer,No,7.15805839799223,1.4580067063033642,0,2271.4956536358695,133.81290749319794
854,71,23.896566683448135,3176.9069697291206,12,Fiber optic,No,No,4,0,46,Electronic check,Yes,4.329352857750928,3.914805870893762,0,1336.9768638696833,103.9416825352755
855,34,60.03089240685482,3145.544047421686,1,Fiber optic,Yes,No,4,7,22,Bank transfer,Yes,5.040817966574558,2.1099570970989827,0,1135.4504722920935,56.861431514042984
856,26,111.60849915576406,2789.058123610595,12,DSL,No,Yes,0,5,40,Electronic check,No,3.9697238255022427,0.41837892295301427,0,4266.5313940692495,109.51480097487324
857,50,46.240948775983284,4377.120098045923,24,No,Yes,Yes,2,8,45,Credit card,No,8.273514224698982,0.1301798078430379,0,2135.883593865324,24.225399983974143
858,70,107.54621633223925,1317.745841110048,24,Fiber optic,No,No,2,2,55,Credit card,No,2.1754968403251924,1.1045587907743195,0,5668.053519617089,124.75690849118064
859,37,146.08856599394517,4474.320734328288,12,No,No,Yes,0,8,51,Bank transfer,No,9.66658558217797,0.03146750222880627,0,7087.351865750999,150.76317575757756
860,30,32.20709305262439,4379.468018039031,12,No,Yes,Yes,4,8,5,Bank transfer,No,6.713525403812956,0.7663235316898961,0,395.96461126483166,47.876891651176976
861,45,107.43827536926642,6119.024319578473,1,Fiber optic,Yes,No,4,0,13,Check,No,8.982160519529582,0.9177997120879615,1,1247.4680109934593,124.61420117812165
862,65,77.68752850959424,6685.834699306926,24,Fiber optic,No,Yes,2,2,28,Check,Yes,4.836083124382879,0.9418925436190937,0,1939.2468874260028,60.49817214731761
863,46,132.85849306907568,3579.48666746815,24,DSL,Yes,No,1,5,62,Bank transfer,Yes,3.9905116335279702,7.76008227497654,0,7950.829218066638,81.13112916443876
864,30,43.029472628160164,2488.4326698768004,12,No,Yes,No,3,7,24,Bank transfer,Yes,9.106532291115851,0.724526421290426,0,902.0694027485293,112.23164053267296
865,63,110.04137378940139,2148.7456888050465,24,Fiber optic,Yes,No,1,3,7,Credit card,No,1.8898572598867251,0.6163886904033371,0,1020.851286949723,57.19112339552219
866,52,128.95498765425432,1637.5283099684882,24,DSL,No,No,4,4,38,Bank transfer,No,2.0539650835475003,0.27710149379260196,0,4818.141840346036,0.0
867,23,142.799848531623,555.4158993722965,12,Fiber optic,No,Yes,1,8,37,Check,No,3.694120988362096,1.430821717102216,1,3717.455080511998,0.1293587364874469
868,35,108.82224367765396,2805.339032794235,1,DSL,Yes,No,3,5,68,Credit card,Yes,9.637974835896866,0.3337020252541156,0,7464.896918286076,139.39043974237245
869,68,84.63271932109555,2234.9567678331878,12,DSL,Yes,No,1,6,42,Electronic check,Yes,6.697617488785964,1.9157610042570672,1,2522.971508511933,119.02550057125809
870,22,100.3201412261578,7734.697348344618,12,DSL,Yes,No,1,6,5,Check,Yes,5.9877432695385835,0.3372155140105279,0,800.4149349314725,111.57845958774155
871,64,132.95764798223337,4505.899727375347,12,No,Yes,No,1,3,64,Check,Yes,7.348207027198786,1.7192221991264802,0,8365.311265118387,76.69551993273657
872,42,94.17926706304786,2843.4886083410097,12,No,No,No,1,3,50,Credit card,No,4.757271004703496,3.500497059461496,0,4688.52199896211,113.03070128076321
873,19,23.950317760588792,4685.694047850198,24,No,No,No,0,3,15,Electronic check,No,7.822661512787193,0.08691057034233836,0,405.7399063283057,133.5585624918074
874,27,141.0233304159071,1199.6539406309944,1,Fiber optic,Yes,Yes,4,4,53,Check,Yes,4.539076281755898,1.0885820408601494,0,7464.437371809939,34.30951634047872
875,73,109.63847763410294,3607.945618697403,12,DSL,No,No,3,4,25,Bank transfer,Yes,8.437268663708181,1.2362611209450325,0,2497.141699350365,106.74561158365817
876,47,107.94674015104205,5047.251139226404,12,Fiber optic,No,No,4,7,9,Check,No,3.405655738688541,3.1315325414257473,1,385.55735957955847,61.066792569151815
877,67,48.03776981170323,3962.292871160366,12,DSL,No,Yes,0,8,38,Credit card,Yes,3.497919933682218,1.2619064312909745,0,1526.7397973436928,191.4785086796702
878,62,105.65511113024543,3274.0525251691615,12,DSL,No,No,0,1,22,Credit card,No,5.701449748840616,1.6765113985704443,0,2469.6633948338913,170.8762638266355
879,22,71.2023727350406,7951.402272307616,1,DSL,No,Yes,0,6,49,Credit card,Yes,4.876850425255617,3.1327975895430717,0,3324.835665879119,163.89293750213577
880,72,104.66028701539398,7054.486620976523,1,DSL,Yes,No,0,0,68,Check,Yes,6.833042598562258,1.6408636458860824,1,5075.684642721014,200.0
881,73,33.857093940038794,5024.907069459577,12,No,Yes,No,1,0,15,Electronic check,Yes,4.278616792062211,0.8872669205562137,0,525.2050166642232,81.0278031980485
882,50,105.51988959839468,4598.081153340034,12,Fiber optic,Yes,Yes,4,3,65,Bank transfer,Yes,3.0749558416333014,0.17950431927374855,0,6663.821396791325,39.555418184708614
883,71,149.92378435018665,5003.217790614214,1,DSL,Yes,No,2,9,54,Credit card,Yes,5.228277065946109,2.618041771019493,0,7905.9045410741655,39.580690118466784
884,18,26.267565051872282,1690.3656517972227,24,Fiber optic,No,Yes,3,6,30,Electronic check,Yes,6.048608495474316,4.098028759933823,1,578.4214981721374,51.29777284702431
885,35,147.03264394877124,3221.588171788117,12,Fiber optic,No,No,0,1,20,Bank transfer,Yes,2.2834004844672138,7.01742289710637,0,2956.189820887884,93.8550826693452
886,49,72.89803489397318,411.73030983810463,12,Fiber optic,No,Yes,4,1,33,Credit card,Yes,6.0104676315984875,5.223659437994864,1,1782.3510533061951,49.80097693180678
887,64,133.1979485438437,3856.813696145931,24,No,No,No,0,0,7,Bank transfer,Yes,3.8733103472310715,3.193220172210935,1,561.1690363091158,142.19160564763155
888,66,121.71011292757555,4389.894213265539,1,No,No,No,0,9,8,Bank transfer,Yes,4.532066963816571,2.0626846215968206,0,804.3393476190653,130.89869226252023
889,28,93.71211392826682,1899.2229152153557,1,No,No,No,0,1,28,Electronic check,Yes,3.5138631615695313,3.0415737642694207,0,2645.9132949905274,59.80377202575437
890,38,115.99839720267245,7715.827892607558,24,No,Yes,No,0,6,45,Bank transfer,No,9.382692950137539,1.131562505809115,0,5503.911699009583,141.45745104188794
891,43,134.20702296917523,7284.691426404212,12,Fiber optic,Yes,No,0,8,11,Credit card,No,7.150026531521925,1.8066316168129601,1,658.0582634827254,118.14363096327813
892,42,72.53824181463429,5804.931560101656,12,Fiber optic,No,No,3,5,31,Electronic check,Yes,3.3621428026061504,0.8575692407677864,0,2088.8749618589136,0.0
893,39,62.51431100322103,4313.754367246364,24,DSL,Yes,No,4,9,12,Check,Yes,6.805282010967551,0.7911559396330581,1,643.2082408837407,29.13498527659364
894,44,106.78714012326601,6972.756361216711,24,DSL,No,No,0,1,51,Check,Yes,8.637151686238415,2.8268524333554486,0,5489.441273184015,200.0
895,66,125.01997245236362,1132.153516205357,24,DSL,Yes,No,0,9,44,Electronic check,Yes,4.614671874994918,1.2100264029608563,0,5621.8826466687005,152.94625047396232
896,30,119.09706752096005,6345.027374771591,12,Fiber optic,No,Yes,0,9,50,Check,No,8.46961758240564,0.476923716914456,0,5868.922371122045,59.29744837796032
897,50,123.71577435162249,1086.0844303381016,12,DSL,No,No,0,8,17,Bank transfer,No,2.3897344990599314,0.45113838646740817,0,1780.7849605158424,118.72432635058335
898,51,76.6258309256813,6374.2642341403025,12,DSL,Yes,Yes,1,6,35,Credit card,No,8.405032283795514,3.9204371177071673,0,3016.202625972177,60.725889420256834
899,58,126.31844810275281,2278.56378918572,1,Fiber optic,No,No,1,0,1,Bank transfer,Yes,5.862648184051297,2.2649204071949067,1,305.19009165410637,111.82706576920819
900,52,35.6271771981791,7029.015590043692,12,DSL,Yes,No,2,8,29,Electronic check,Yes,3.0067703920898388,1.5795191385164202,0,1028.352507262969,65.18819825210083
901,18,90.78358273491044,7557.932541220643,1,DSL,No,No,0,1,51,Credit card,No,4.664272461003202,1.024782817924024,1,3072.64178024211,171.95294821218187
902,38,20.748625864755805,1275.4881583004135,24,DSL,No,Yes,2,3,64,Electronic check,Yes,9.89193693201955,1.1271079325349942,0,1229.7985404161038,131.40609595629593
903,65,62.19615788703514,3755.1372800166087,12,Fiber optic,No,Yes,3,8,4,Electronic check,Yes,8.052004149781835,0.11830120509786975,0,294.6013339100925,44.722911495261556
904,72,67.63999953328172,7849.800287485213,12,DSL,No,No,2,3,28,Electronic check,No,6.1757772524660375,1.2136092522132629,0,1843.593533594697,51.209140988369995
905,23,71.5024499092032,3918.9187441878585,12,Fiber optic,Yes,No,4,2,16,Bank transfer,No,2.03647520714073,3.173933683694293,0,1141.1393656442408,58.69123502995865
906,45,110.41073686968208,6922.025427864906,1,Fiber optic,No,No,1,0,63,Credit card,No,4.760304246113503,0.9820018107326173,1,5191.140936788153,91.39246051920513
907,34,70.51255316514494,4750.979024837427,1,DSL,No,No,1,6,53,Credit card,Yes,3.3674636261074355,0.9676575231305902,0,3921.9003604125855,73.50502820334079
908,22,78.33017094092898,3065.106272564855,12,DSL,No,No,0,5,17,Credit card,Yes,1.6390097155485122,0.031682796028659456,0,1097.4572122624654,146.6353073981865
909,48,50.88073701366257,2357.6900886543744,1,Fiber optic,Yes,No,0,9,40,Bank transfer,Yes,5.879839498473835,1.2243707602083915,0,2050.613281001575,141.78361254526018
910,22,68.52273291181422,1705.4624195800895,12,DSL,No,Yes,3,3,13,Check,No,9.002671298567885,0.05132835735911471,1,519.4841675300864,197.366162567959
911,55,49.54505154420969,6118.205711883808,24,DSL,No,No,3,5,52,Bank transfer,Yes,7.080398813567125,1.6895660478559897,0,2635.931305448548,45.73331947469052
912,20,29.515470089897672,3153.67000390192,24,DSL,Yes,Yes,4,5,58,Bank transfer,No,3.247123491824601,1.413613626342076,0,1699.2309839122966,15.517414296442325
913,70,98.44831713957913,4139.076151385934,12,DSL,No,No,0,3,37,Electronic check,No,6.162261462584102,3.6652691668682573,0,4236.127489917776,149.4824581696209
914,40,106.86766381215212,3989.371292009337,1,DSL,Yes,Yes,0,5,61,Credit card,Yes,9.48910855012272,1.743498259801017,0,6604.779824048468,200.0
915,54,100.53374498124988,4660.504330941737,24,DSL,No,No,3,9,34,Credit card,Yes,7.5062354763064185,0.7814309080414562,0,3391.310528129136,48.30661450815393
916,70,80.2542256940744,6938.059450433962,24,Fiber optic,No,Yes,3,7,70,Check,Yes,7.205265094660875,1.4522955567787663,0,5986.397010051906,93.56265306752897
917,54,69.37215142329987,7847.840814309092,1,Fiber optic,No,Yes,3,2,17,Check,No,9.713423496047646,2.405988937770443,0,1220.4364659666137,192.7688926062772
918,27,132.2333744443373,3319.915247733154,24,DSL,No,No,1,3,20,Electronic check,No,8.189859800656222,0.19735202564376314,0,2340.9226296706775,144.01492916230575
919,27,87.48063206770834,6637.3994846397945,1,DSL,No,Yes,2,9,59,Credit card,No,2.229611887888769,1.9408291542001406,0,5136.467896074389,111.83708783491835
920,36,82.29364409186502,6139.769577772269,24,DSL,Yes,Yes,2,0,69,Check,Yes,4.128715782785813,4.968844301824575,0,5801.002091813098,200.0
921,34,23.33346855483664,4630.878716499029,24,Fiber optic,Yes,No,0,3,33,Check,Yes,9.686266306639174,0.7108665606193174,0,866.9103588892694,183.24632226825545
922,38,64.36221759140032,7652.772434534271,1,Fiber optic,No,Yes,1,9,17,Credit card,No,5.4073485477819805,1.9703445131015653,0,1295.1926399274703,124.182819572325
923,31,69.42543044216143,1683.748672674382,24,DSL,Yes,Yes,3,9,57,Bank transfer,Yes,2.004737007890668,3.4444233474025934,0,3987.992828945432,81.18514920713133
924,26,71.84696151659706,963.1872614460092,12,Fiber optic,Yes,No,0,8,1,Check,No,5.127443917051076,1.434086450487935,0,88.46915582952985,71.80097644142339
925,63,95.4224079995532,6846.299538947835,24,DSL,No,No,1,7,13,Credit card,No,7.272939106637207,2.531551272563238,0,959.9962436561532,48.10517675940498
926,18,89.3683310744942,3569.2835514066114,12,Fiber optic,Yes,No,4,3,27,Check,Yes,9.97793399513117,0.7450580262905875,0,2718.629390583776,118.74609154086359
927,68,99.0276620631478,6791.053948235778,24,DSL,Yes,No,1,6,70,Electronic check,Yes,3.9151478490688167,0.7307350962789488,0,6870.81562838056,67.06471390132222
928,62,119.43482400047668,7155.412621043778,1,No,No,No,0,9,59,Check,Yes,5.626781873913464,2.2027362959161167,1,4736.751268495223,170.6521659894889
929,30,125.68814603309215,593.4149895906644,12,Fiber optic,Yes,Yes,2,2,6,Credit card,Yes,8.917126341848146,2.4443337950337445,0,1279.7104538382546,151.05186875324222
930,21,113.35599990944428,7079.37162758988,1,DSL,No,No,3,8,23,Check,No,4.197404962516002,5.529549049907917,1,2161.048736190604,116.36980986730443
931,18,144.21808047414152,3641.720537418435,24,Fiber optic,No,No,4,9,10,Electronic check,No,1.983354009317715,0.5093679612635977,0,1352.6310202899456,0.0
932,66,22.370235747927012,4132.416663133435,24,DSL,No,No,1,3,51,Electronic check,No,9.540422875013537,1.2630417770259514,0,764.7477542931924,200.0
933,57,45.451138138861,5050.080837636361,24,DSL,Yes,No,0,1,19,Check,No,5.395967260421501,0.576733875607431,0,719.8773403834524,25.22982384556275
934,49,20.983173747158474,7418.422593167686,24,DSL,No,Yes,0,9,51,Check,Yes,5.5250533969477456,0.1669635776534408,0,1385.968980357063,61.21991996586852
935,51,104.1717128400984,251.01714599513585,1,DSL,No,No,3,4,68,Electronic check,Yes,6.590801301437639,1.0324487682559098,1,4993.916191929755,127.33833237858845
936,45,136.7439713634983,3867.063399710755,12,No,No,No,0,1,42,Electronic check,No,1.0318296133290215,0.9370678109603019,0,5473.359527939731,80.12656605120766
937,48,51.652698554918906,5533.00413520143,1,Fiber optic,Yes,No,0,9,57,Bank transfer,Yes,9.380180580119642,0.6306112132840221,1,2217.738980786764,127.72635740739177
938,25,140.51449082351985,5809.384965816005,1,Fiber optic,No,Yes,3,5,68,Bank transfer,No,4.253059762970875,0.7047822399417494,1,6646.518157476936,79.38619198029551
939,56,27.83476073764291,5571.006209143153,1,No,No,Yes,4,9,38,Electronic check,No,4.572386761459137,0.8938615143068582,1,610.6642420628684,120.67684444819534
940,43,141.47668348471686,1162.0375223241626,12,DSL,No,Yes,2,0,62,Check,Yes,2.5669832277991147,8.990414456086832,0,8656.986280132494,0.0
941,51,65.71094934115247,2465.225148136282,1,No,No,No,2,5,7,Credit card,Yes,4.40336451963215,3.0553266350002755,1,583.262153399023,152.66223429195026
942,71,33.18470769839815,2933.852650794406,1,DSL,No,Yes,1,3,71,Check,Yes,8.235491776984468,0.14815699367112317,0,2465.4415162570845,200.0
943,71,83.16332869422233,6455.053940668089,1,No,No,Yes,4,2,50,Check,No,8.199925052999813,4.117916354811814,0,3860.9548973491774,74.38071932593046
944,20,53.38095380366603,2302.2029920749687,1,DSL,Yes,No,1,1,52,Bank transfer,Yes,9.422171568059076,2.006440550235449,0,2849.247353814024,122.6331321950538
945,67,57.03347725504997,1764.569214550905,24,DSL,No,Yes,2,6,26,Bank transfer,No,4.629065254127163,4.425374706687877,1,1059.5323019911693,83.13398820818219
946,29,59.947695440417256,7663.83935040096,24,No,Yes,No,3,8,26,Bank transfer,Yes,7.3784935337372595,0.8362184799797102,0,1474.5585351327,54.21936313984198
947,18,124.39336671824624,170.0199523964043,24,DSL,No,No,0,2,19,Electronic check,No,5.565137996868014,1.249179236242879,0,2289.9377429548226,155.75993249758554
948,71,90.09096596778308,7982.784759887628,12,Fiber optic,Yes,No,2,5,9,Electronic check,Yes,8.236205105672179,4.531100019876508,0,637.8082076932303,144.64025336296902
949,61,60.470000890280474,5446.8882609734255,1,Fiber optic,No,No,4,8,61,Check,Yes,7.412878082196972,0.6364836309111139,0,3556.1647799955635,0.0
950,22,99.34339183041939,6644.907465648025,24,Fiber optic,Yes,No,2,1,20,Check,No,4.311126327576481,4.942028228882008,0,2044.812526315598,55.47120184705997
951,47,113.09958764901516,2427.493231134926,12,Fiber optic,No,No,4,6,50,Credit card,No,4.030064508283232,3.526340667836959,1,3902.9715863147917,0.0
952,47,55.44112009535939,213.0906935697738,1,Fiber optic,No,Yes,4,4,22,Check,Yes,3.271982167251708,7.88063313051033,0,1328.8409697359737,64.91023182288966
953,74,73.7613831982957,5929.169196636088,1,DSL,Yes,Yes,4,4,13,Check,No,6.18864211439774,0.7838866428755928,1,514.2326606157175,121.1257423853503
954,34,35.84519213380318,6689.742316305339,1,DSL,Yes,Yes,1,6,12,Bank transfer,No,9.674585664344736,0.537728958336418,0,571.6412288798027,90.72491062312129
955,65,43.54941543950844,5949.761442432801,1,DSL,Yes,No,3,8,10,Bank transfer,Yes,2.8006006385580937,0.8035445611306158,0,698.3830692863162,96.66861041728127
956,64,108.54532101544777,1228.517269676625,12,DSL,No,No,2,3,65,Bank transfer,Yes,1.857272094138927,6.186681207673035,0,7054.08913800424,29.618201473565634
957,40,43.5869852004315,6052.0805858300555,12,Fiber optic,No,No,3,8,30,Bank transfer,No,2.0746057786868226,0.8101502564792232,1,1019.4520112640449,83.52794422762616
958,32,88.27123987671783,6174.489978650364,1,Fiber optic,No,No,0,9,8,Bank transfer,Yes,8.04788808625135,1.6657926178377032,0,818.098493394056,123.19653321371516
959,54,112.17601402391625,5302.470073793434,1,Fiber optic,Yes,Yes,2,8,21,Credit card,Yes,4.150943238561073,1.0339532803679052,0,2255.276689780509,57.12251062194137
960,38,33.8940000023167,6152.315869085131,24,DSL,No,No,3,3,22,Credit card,No,3.0193014492314174,1.0090912502085518,1,634.6405936020867,127.2769384676871
961,31,93.75058855175746,6782.779373454084,1,Fiber optic,No,No,3,2,18,Credit card,Yes,4.175597065361501,0.4298017560479779,0,1233.8237073259031,171.78931307579643
962,19,53.353161881177286,4947.472502475922,12,Fiber optic,No,Yes,0,1,66,Bank transfer,Yes,6.8079773154656955,1.5404000680669834,0,2987.9953757233025,54.37634644546681
963,28,145.18049378088537,799.9772403604646,24,DSL,No,No,4,8,48,Electronic check,No,5.921084123454554,3.786312434899576,0,6902.768048684974,93.34045697635727
964,68,82.86093407359022,3952.2596963709657,1,No,Yes,Yes,2,1,44,Bank transfer,Yes,7.692304658691033,0.10150270053974096,0,3772.5742610480484,137.40514937794296
965,56,124.77903147077055,713.42974390568,1,Fiber optic,Yes,No,2,5,9,Bank transfer,No,4.051667336335987,4.400537096979994,1,769.0972322155445,120.30746406570577
966,55,91.52945048031403,3319.5899451562036,12,DSL,Yes,No,0,4,67,Credit card,No,5.068257161182169,2.1900751619352867,0,6281.647907976827,56.620344071268136
967,51,25.643629271126493,3316.141264092458,12,DSL,Yes,Yes,4,4,54,Bank transfer,Yes,1.9177153206663116,1.918073321600683,1,728.982056618854,0.0
968,55,102.30967882722291,621.4777687079085,12,DSL,Yes,No,2,3,26,Credit card,Yes,1.6575278142950332,1.9664655205063524,0,2836.619529503674,40.68873626112787
969,67,143.68243448686542,2855.6822183588865,24,No,Yes,No,2,5,26,Bank transfer,Yes,5.160297185596904,0.7027205720128464,0,4061.5058195413458,106.9356659198416
970,51,98.20953661902305,976.8849804513873,1,Fiber optic,No,No,2,4,34,Check,Yes,3.714369467013312,1.0727809548460323,0,3199.8421420656077,51.08226821273523
971,35,126.49455172548272,6485.058159072855,12,Fiber optic,No,No,4,3,8,Electronic check,No,6.515205149225177,3.2117884564547596,0,1166.156166104728,66.9704967341147
972,47,134.946840235293,7586.735405119319,12,No,No,Yes,0,8,10,Electronic check,No,1.3870194890011471,0.7316650276645699,1,949.1915444130733,128.62255203948956
973,32,49.650370353361225,671.300154537715,1,DSL,No,No,2,5,48,Credit card,Yes,2.095897398396089,1.269832808864448,0,2471.585885948506,174.2078601420854
974,44,47.565829188069465,7645.410137604441,12,DSL,No,No,3,9,55,Check,Yes,8.786717299957557,0.039655088844030226,0,2941.4829186840384,136.2537513673198
975,68,99.42752855062892,4228.355134760287,1,DSL,Yes,No,4,9,54,Electronic check,Yes,6.096804593671941,2.6452000394198616,0,5434.547196369079,104.74419696631945
976,51,73.4337010748716,2466.5688558356037,12,DSL,No,Yes,1,9,40,Credit card,Yes,7.408490803221045,1.081546476433626,0,3090.2364671942673,108.17537419976672
977,69,129.18196937267365,707.2103946816917,1,No,Yes,No,0,2,15,Bank transfer,Yes,8.577749068365662,1.490392124762982,0,1685.120612354168,118.0918224333542
978,74,137.00300604174146,4054.9317177563007,12,No,No,No,3,9,18,Bank transfer,Yes,5.17450908655047,0.24363328451566144,0,2612.7822659419026,53.09817305597822
979,55,65.94477930935335,6376.672801476914,12,DSL,Yes,Yes,2,5,23,Check,No,7.849543455707285,9.586431094065752,0,1838.7313542859526,114.90123507626589
980,50,50.793172666682665,5685.983170406916,24,Fiber optic,No,No,1,0,62,Electronic check,Yes,5.721270211661719,0.7204132803275909,1,2019.7235691513833,72.76327095482492
981,41,121.46831698170203,496.7854905653927,1,No,Yes,Yes,0,4,46,Bank transfer,Yes,3.0047389324633347,2.0156592028149736,1,3846.6751776811707,152.79394573234723
982,32,55.72478462125769,675.9244994064377,12,Fiber optic,Yes,No,4,9,39,Credit card,No,4.0389055192084555,1.7408971741435268,0,2310.4919270738974,121.28377088211124
983,47,126.93986140677819,3282.698932797833,12,Fiber optic,No,Yes,1,5,15,Bank transfer,Yes,5.413153969500947,3.0750923966087007,0,1993.654746661663,119.42632799186981
984,72,75.08597297433917,2432.794902978752,24,No,Yes,No,1,7,53,Bank transfer,Yes,3.851969969550437,0.6958182542125831,1,2513.7440469947674,149.01945861890945
985,59,106.78148690789116,1935.836152142778,12,Fiber optic,No,No,3,8,64,Electronic check,Yes,4.019749222149085,2.8205786632155743,1,4816.792887955891,123.5796009294654
986,68,32.41959079850686,2319.9355413788376,12,Fiber optic,No,No,0,2,63,Electronic check,Yes,4.036535481238897,0.9641580264277332,0,1975.8978592597407,74.55977268270573
987,34,101.10171220795449,6447.513672045388,24,Fiber optic,No,No,3,1,16,Credit card,Yes,2.1055598097139376,1.0592048386925674,0,1423.8963688678514,0.0
988,22,78.72979823583978,7440.901623691646,24,No,No,No,3,3,70,Check,No,1.7617834649102622,2.2338327407885887,0,5782.430850187319,35.143475963402864
989,46,96.25910021281163,3300.3112867677746,12,DSL,No,No,2,7,66,Check,Yes,1.418464357221739,3.0676015291501195,0,6354.1926895602155,65.14184981418249
990,21,41.841847006832246,7258.276916846727,12,DSL,Yes,Yes,4,7,13,Bank transfer,No,1.9986063493090307,2.1984247540936153,0,740.5537416700403,0.0
991,27,115.79358684274368,2639.8160398582677,24,Fiber optic,No,Yes,1,2,47,Credit card,Yes,4.0933638292205625,4.6027620477756,0,5207.615976359889,182.85808976768374
992,73,132.1636200806197,3863.8521921159536,24,DSL,No,No,0,3,9,Check,Yes,6.344846252047514,0.6713903598441585,0,1307.2617122297954,200.0
993,34,48.17617401180084,1885.629082746398,24,DSL,No,Yes,4,2,63,Check,Yes,2.6933223448846806,4.617543020988779,0,3247.43686730677,64.50642617044453
994,27,32.44289221762102,5159.760733189168,12,Fiber optic,Yes,No,4,9,34,Bank transfer,Yes,8.99207961402374,0.2805102376030969,0,1054.6286153282624,35.84677069188917
995,34,23.073016186023732,7833.95080988099,1,DSL,No,No,0,1,29,Credit card,Yes,8.275441881155045,2.154858400059175,0,569.6814475590577,187.51830247452614
996,37,103.45629505762459,4867.595458742691,12,Fiber optic,No,Yes,4,3,37,Check,Yes,5.684744015282472,1.5865125797304906,0,3567.028568929547,27.230937654665325
997,41,98.9222246915415,2926.731264497036,24,No,No,No,2,5,43,Electronic check,Yes,7.517888477320239,1.3649523987389596,0,4080.0451259160295,172.29778526960519
998,22,91.0706636528291,5217.757823325174,12,DSL,No,No,4,4,64,Electronic check,Yes,4.296956722288826,0.7447726733469812,0,5737.995816853964,50.80407421596088
999,51,50.1531224950768,1071.0733598765619,12,No,Yes,No,2,2,24,Bank transfer,Yes,1.331000134597809,1.4012813548509506,0,1008.4927058505116,111.01064388573693
1000,23,70.81777946771692,7120.406734096649,24,Fiber optic,No,No,1,1,71,Bank transfer,Yes,9.138995627792859,0.3529335145846956,0,4874.473009986895,200.0
